timestamp,vessel_count,vessel_avg_speed
2025-08-20 06:27:00,12,2.408333
2025-08-20 06:30:00,30,1.023333
2025-08-20 06:33:00,3903,2.840430
2025-08-20 06:36:00,5821,3.025631
2025-08-20 06:39:00,5900,2.931915
2025-08-20 06:42:00,5950,2.928857
2025-08-20 06:45:00,6218,2.907253
2025-08-20 06:48:00,6760,2.893225
2025-08-20 06:51:00,6325,2.918625
2025-08-20 06:54:00,5925,2.957451
2025-08-20 06:57:00,6378,2.917592
2025-08-20 07:00:00,6106,2.970750
2025-08-20 07:03:00,6382,2.890646
2025-08-20 07:06:00,6582,2.889152
2025-08-20 07:09:00,5659,2.844089
2025-08-20 07:12:00,5771,2.902703
2025-08-20 07:15:00,5915,2.704125
2025-08-20 07:18:00,6116,2.713424
2025-08-20 07:21:00,6487,2.763928
2025-08-20 07:24:00,6512,2.617460
2025-08-20 07:27:00,4923,2.509385
2025-08-20 07:30:00,6447,2.509446
2025-08-20 07:33:00,6723,2.539625
2025-08-20 07:36:00,5861,2.521140
2025-08-20 07:39:00,5625,2.505280
2025-08-20 07:42:00,5665,2.731721
2025-08-20 07:45:00,6021,2.659957
2025-08-20 07:48:00,2644,2.626324
2025-08-20 07:51:00,8683,2.524796
2025-08-20 07:54:00,5614,2.625098
2025-08-20 07:57:00,5197,2.641081
2025-08-20 08:00:00,5459,2.675838
2025-08-20 08:03:00,5447,2.781513
2025-08-20 08:06:00,5567,2.830483
2025-08-20 08:09:00,5513,2.742590
2025-08-20 08:12:00,5221,2.743842
2025-08-20 08:15:00,5294,2.717888
2025-08-20 08:18:00,5256,2.716876
2025-08-20 08:21:00,4976,2.755969
2025-08-20 08:24:00,5020,2.685020
2025-08-20 08:27:00,5672,2.799436
2025-08-20 08:30:00,4874,2.810956
2025-08-20 08:33:00,4933,2.851693
2025-08-20 08:36:00,4757,2.599559
2025-08-20 08:39:00,4941,2.708298
2025-08-20 08:42:00,4886,2.564572
2025-08-20 08:45:00,4815,2.525566
2025-08-20 08:48:00,4944,2.371440
2025-08-20 08:51:00,4892,2.369624
2025-08-20 08:54:00,5193,2.538302
2025-08-20 08:57:00,4784,2.491116
2025-08-20 09:00:00,5439,2.530281
2025-08-20 09:03:00,5072,2.553017
2025-08-20 09:06:00,5449,2.370288
2025-08-20 09:09:00,5285,2.190255
2025-08-20 09:12:00,4655,2.309280
2025-08-20 09:15:00,5883,2.381642
2025-08-20 09:18:00,5561,2.297195
2025-08-20 09:21:00,5493,2.283616
2025-08-20 09:24:00,5345,2.278073
2025-08-20 09:27:00,5691,2.270163
2025-08-20 09:30:00,5571,2.276683
2025-08-20 09:33:00,5560,2.328813
2025-08-20 09:36:00,5595,2.286309
2025-08-20 09:39:00,5661,2.235365
2025-08-20 09:42:00,6155,2.394833
2025-08-20 09:45:00,6139,2.316631
2025-08-20 09:48:00,11155,2.267360
2025-08-20 09:51:00,17097,2.161098
2025-08-20 09:54:00,18807,2.131058
2025-08-20 09:57:00,18798,2.210294
2025-08-20 10:00:00,19578,2.205991
2025-08-20 10:03:00,19521,2.030429
2025-08-20 10:06:00,20925,2.142495
2025-08-20 10:09:00,21339,2.218965
2025-08-20 10:12:00,21669,2.309345
2025-08-20 10:15:00,21918,2.217807
2025-08-20 10:18:00,21702,2.180094
2025-08-20 10:21:00,22605,2.292820
2025-08-20 10:24:00,22230,2.182591
2025-08-20 10:27:00,22710,2.180885
2025-08-20 10:30:00,21993,2.189906
2025-08-20 10:33:00,22200,2.236581
2025-08-20 10:36:00,22320,2.234798
2025-08-20 10:39:00,21576,2.233760
2025-08-20 10:42:00,24702,2.223537
2025-08-20 10:45:00,22734,2.205384
2025-08-20 10:48:00,22977,2.227719
2025-08-20 10:51:00,23262,2.173046
2025-08-20 10:54:00,23496,2.178409
2025-08-20 10:57:00,23793,2.093506
2025-08-20 11:00:00,23622,2.089357
2025-08-20 11:03:00,24387,2.187182
2025-08-20 11:06:00,23889,2.027163
2025-08-20 11:09:00,24288,2.128668
2025-08-20 11:12:00,25122,2.056914
2025-08-20 11:15:00,23265,2.058956
2025-08-20 11:18:00,24381,2.086797
2025-08-20 11:21:00,24681,2.185548
2025-08-20 11:24:00,24480,2.134792
2025-08-20 11:27:00,25395,2.156751
2025-08-20 11:30:00,22425,2.112950
2025-08-20 11:33:00,27978,2.081975
2025-08-20 11:36:00,24837,2.051455
2025-08-20 11:39:00,23718,2.066962
2025-08-20 11:42:00,25554,2.138624
2025-08-20 11:45:00,24036,2.125399
2025-08-20 11:48:00,24081,2.037199
2025-08-20 11:51:00,21150,2.086979
2025-08-20 11:54:00,26055,2.054358
2025-08-20 11:57:00,23172,1.996970
2025-08-20 12:00:00,26067,2.151709
2025-08-20 12:03:00,23838,2.210508
2025-08-20 12:06:00,24042,2.117532
2025-08-20 12:09:00,23946,2.116011
2025-08-20 12:12:00,24378,2.144770
2025-08-20 12:15:00,23325,2.134521
2025-08-20 12:18:00,24720,2.110655
2025-08-20 12:21:00,24414,2.077390
2025-08-20 12:24:00,20547,2.166564
2025-08-20 12:27:00,25710,2.206324
2025-08-20 12:30:00,23805,2.177694
2025-08-20 12:33:00,24150,2.261640
2025-08-20 12:36:00,23523,2.108749
2025-08-20 12:39:00,22761,2.098247
2025-08-20 12:42:00,23622,2.097777
2025-08-20 12:45:00,23223,2.184834
2025-08-20 12:48:00,22158,2.284484
2025-08-20 12:51:00,26160,2.203624
2025-08-20 12:54:00,24015,2.124060
2025-08-20 12:57:00,23625,2.102895
2025-08-20 13:00:00,23190,2.145614
2025-08-20 13:03:00,23853,2.180619
2025-08-20 13:06:00,23559,2.197670
2025-08-20 13:09:00,23310,2.177503
2025-08-20 13:12:00,23190,2.268875
2025-08-20 13:15:00,23292,2.309557
2025-08-20 13:18:00,22041,2.245747
2025-08-20 13:21:00,22614,2.240634
2025-08-20 13:24:00,21831,2.315336
2025-08-20 13:27:00,20688,2.188283
2025-08-20 13:30:00,20793,2.192873
2025-08-20 13:33:00,19239,2.195228
2025-08-20 13:36:00,19413,2.288286
2025-08-20 13:39:00,19677,2.152981
2025-08-20 13:42:00,19776,2.281614
2025-08-20 13:45:00,19125,2.258290
2025-08-20 13:48:00,18762,2.195747
2025-08-20 13:51:00,19413,2.300124
2025-08-20 13:54:00,17991,2.341688
2025-08-20 13:57:00,17307,2.473080
2025-08-20 14:00:00,19488,2.393966
2025-08-20 14:03:00,18846,2.286756
2025-08-20 14:06:00,19968,2.379011
2025-08-20 14:09:00,17994,2.405669
2025-08-20 14:12:00,19935,2.551512
2025-08-20 14:15:00,18411,2.699674
2025-08-20 14:18:00,19263,2.663152
2025-08-20 14:21:00,19719,2.664354
2025-08-20 14:24:00,18321,2.494635
2025-08-20 14:27:00,17623,2.530977
2025-08-20 14:30:00,12080,2.580315
2025-08-20 14:33:00,13374,2.743248
2025-08-20 14:36:00,13016,2.468039
2025-08-20 14:39:00,12252,2.474551
2025-08-20 14:42:00,12960,2.576698
2025-08-20 14:45:00,12832,2.636128
2025-08-20 14:48:00,12552,2.713432
2025-08-20 14:51:00,11000,2.866818
2025-08-20 14:54:00,13674,2.827132
2025-08-20 14:57:00,12384,2.721786
2025-08-20 15:00:00,11560,2.617405
2025-08-20 15:03:00,13082,2.619141
2025-08-20 15:06:00,11634,2.579852
2025-08-20 15:09:00,12290,2.727193
2025-08-20 15:12:00,12602,2.838042
2025-08-20 15:15:00,12138,2.750997
2025-08-20 15:18:00,12148,2.784557
2025-08-20 15:21:00,12244,2.755488
2025-08-20 15:24:00,11580,2.771382
2025-08-20 15:27:00,12862,2.585492
2025-08-20 15:30:00,12394,2.632548
2025-08-20 15:33:00,11572,2.727238
2025-08-20 15:36:00,11914,2.721773
2025-08-20 15:39:00,11292,2.805313
2025-08-20 15:42:00,12664,2.667641
2025-08-20 15:45:00,12786,2.808885
2025-08-20 15:48:00,12808,2.896205
2025-08-20 15:51:00,12780,2.673192
2025-08-20 15:54:00,10540,2.622277
2025-08-20 15:57:00,13654,2.661638
2025-08-20 16:00:00,13692,2.767178
2025-08-20 16:03:00,12310,2.637774
2025-08-20 16:06:00,12420,2.637858
2025-08-20 16:09:00,12732,2.646513
2025-08-20 16:12:00,11734,2.615136
2025-08-20 16:15:00,13260,2.565385
2025-08-20 16:18:00,12394,2.647991
2025-08-20 16:21:00,12594,2.650548
2025-08-20 16:24:00,11344,2.716291
2025-08-20 16:27:00,12596,2.732359
2025-08-20 16:30:00,9890,2.725460
2025-08-20 16:33:00,16322,2.931418
2025-08-20 16:36:00,13206,2.778722
2025-08-20 16:39:00,12674,2.693278
2025-08-20 16:42:00,13460,2.740936
2025-08-20 16:45:00,13902,2.749676
2025-08-20 16:48:00,12874,2.684294
2025-08-20 16:51:00,13114,2.666097
2025-08-20 16:54:00,13276,2.712504
2025-08-20 16:57:00,12910,2.600759
2025-08-20 17:00:00,13630,2.766588
2025-08-20 17:03:00,13014,2.609083
2025-08-20 17:06:00,12462,2.537313
2025-08-20 17:09:00,12360,2.566197
2025-08-20 17:12:00,14188,2.476219
2025-08-20 17:15:00,12330,2.477956
2025-08-20 17:18:00,12964,2.524360
2025-08-20 17:21:00,12714,2.491678
2025-08-20 17:24:00,12910,2.505778
2025-08-20 17:27:00,11954,2.520663
2025-08-20 17:30:00,13070,2.478485
2025-08-20 17:33:00,11414,2.412231
2025-08-20 17:36:00,9324,2.448563
2025-08-20 17:39:00,16600,2.599337
2025-08-20 17:42:00,12644,2.567748
2025-08-20 17:45:00,11576,2.601762
2025-08-20 17:48:00,12490,2.562914
2025-08-20 17:51:00,11650,2.591279
2025-08-20 17:54:00,11529,2.591543
2025-08-20 17:57:00,11199,2.725895
2025-08-20 18:00:00,5877,2.619687
2025-08-20 18:03:00,5092,2.572506
2025-08-20 18:06:00,5896,2.456445
2025-08-20 18:09:00,5690,2.586731
2025-08-20 18:12:00,6009,2.729539
2025-08-20 18:15:00,5533,2.613663
2025-08-20 18:18:00,6109,2.771256
2025-08-20 18:21:00,5733,2.624001
2025-08-20 18:24:00,5936,2.637887
2025-08-20 18:27:00,5670,2.746843
2025-08-20 18:30:00,5678,2.638552
2025-08-20 18:33:00,5885,2.629465
2025-08-20 18:36:00,5868,2.533930
2025-08-20 18:39:00,5650,2.578478
2025-08-20 18:42:00,3992,2.475200
2025-08-20 18:45:00,6621,2.585289
2025-08-20 18:48:00,5689,2.623554
2025-08-20 18:51:00,5804,2.773122
2025-08-20 18:54:00,5444,2.772612
2025-08-20 18:57:00,5318,2.699248
2025-08-20 19:00:00,5395,2.738017
2025-08-20 19:03:00,5685,2.675145
2025-08-20 19:06:00,5661,2.686328
2025-08-20 19:09:00,5970,2.801625
2025-08-20 19:12:00,5255,2.726432
2025-08-20 19:15:00,5656,2.936846
2025-08-20 19:18:00,5865,2.825865
2025-08-20 19:21:00,4937,2.844035
2025-08-20 19:24:00,5885,2.843568
2025-08-20 19:27:00,5310,2.744294
2025-08-20 19:30:00,5170,2.826441
2025-08-20 19:33:00,5391,2.809238
2025-08-20 19:36:00,5303,2.801961
2025-08-20 19:39:00,5514,2.795357
2025-08-20 19:42:00,5144,2.772920
2025-08-20 19:45:00,5211,2.756170
2025-08-20 19:48:00,5384,2.908785
2025-08-20 19:51:00,5197,2.913854
2025-08-20 19:54:00,5262,2.821551
2025-08-20 19:57:00,4970,2.909799
2025-08-20 20:00:00,4947,2.869517
2025-08-20 20:03:00,5469,2.769684
2025-08-20 20:06:00,4720,2.864131
2025-08-20 20:09:00,4960,2.687722
2025-08-20 20:12:00,4744,2.630333
2025-08-20 20:15:00,4560,2.577259
2025-08-20 20:18:00,4859,2.742210
2025-08-20 20:21:00,3970,2.888363
2025-08-20 20:24:00,4961,2.949567
2025-08-20 20:27:00,4393,3.033349
2025-08-20 20:30:00,4536,2.888779
2025-08-20 20:33:00,4628,2.856720
2025-08-20 20:36:00,4744,3.104869
2025-08-20 20:39:00,4481,3.110890
2025-08-20 20:42:00,4463,2.924042
2025-08-20 20:45:00,4969,2.931717
2025-08-20 20:48:00,6116,2.995520
2025-08-20 20:51:00,6050,3.031851
2025-08-20 20:54:00,5268,2.946659
2025-08-20 20:57:00,5767,3.140940
2025-08-20 21:00:00,6000,3.092433
2025-08-20 21:03:00,5920,3.203480
2025-08-20 21:06:00,5577,3.116192
2025-08-20 21:09:00,5878,3.115873
2025-08-20 21:12:00,5232,3.045375
2025-08-20 21:15:00,5422,3.203301
2025-08-20 21:18:00,5026,3.132630
2025-08-20 21:21:00,5881,3.241115
2025-08-20 21:24:00,5121,3.082972
2025-08-20 21:27:00,5376,2.942448
2025-08-20 21:30:00,5380,2.999071
2025-08-20 21:33:00,4924,2.894029
2025-08-20 21:36:00,4557,2.892561
2025-08-20 21:39:00,5474,3.068414
2025-08-20 21:42:00,4479,2.941639
2025-08-20 21:45:00,5215,3.158351
2025-08-20 21:48:00,4465,3.057133
2025-08-20 21:51:00,4976,3.195438
2025-08-20 21:54:00,4982,3.130891
2025-08-20 21:57:00,4689,2.970975
2025-08-20 22:00:00,5166,3.068719
2025-08-20 22:03:00,4480,2.953839
2025-08-20 22:06:00,4485,2.963924
2025-08-20 22:09:00,4187,2.798448
2025-08-20 22:12:00,3653,2.645825
2025-08-20 22:15:00,4765,2.686842
2025-08-20 22:18:00,3606,2.724071
2025-08-20 22:21:00,5030,2.800159
2025-08-20 22:24:00,4196,2.640110
2025-08-20 22:27:00,4083,2.573916
2025-08-20 22:30:00,4177,2.849892
2025-08-20 22:33:00,4149,2.692697
2025-08-20 22:36:00,4768,2.816296
2025-08-20 22:39:00,4358,2.874530
2025-08-20 22:42:00,4255,2.746510
2025-08-20 22:45:00,4162,2.988371
2025-08-20 22:48:00,4901,2.893410
2025-08-20 22:51:00,4209,2.818888
2025-08-20 22:54:00,4681,2.924931
2025-08-20 22:57:00,4064,2.901452
2025-08-20 23:00:00,4195,2.844577
2025-08-20 23:03:00,4297,2.856691
2025-08-20 23:06:00,4336,3.028875
2025-08-20 23:09:00,4379,3.144531
2025-08-20 23:12:00,4613,3.095621
2025-08-20 23:15:00,4913,3.189314
2025-08-20 23:18:00,4695,3.165091
2025-08-20 23:21:00,4501,3.086847
2025-08-20 23:24:00,4380,2.846598
2025-08-20 23:27:00,4310,3.033411
2025-08-20 23:30:00,4178,2.896338
2025-08-20 23:33:00,4520,3.092478
2025-08-20 23:36:00,4392,3.112022
2025-08-20 23:39:00,4284,3.168978
2025-08-20 23:42:00,4627,3.070456
2025-08-20 23:45:00,4236,3.145255
2025-08-20 23:48:00,4474,3.124743
2025-08-20 23:51:00,4381,3.119105
2025-08-20 23:54:00,3991,3.031346
2025-08-20 23:57:00,4396,3.364832
2025-08-21 00:00:00,4360,3.209404
2025-08-21 00:03:00,4070,3.196413
2025-08-21 00:06:00,4215,3.334520
2025-08-21 00:09:00,4688,3.333532
2025-08-21 00:12:00,4341,3.195807
2025-08-21 00:15:00,3992,3.010070
2025-08-21 00:18:00,3870,2.842300
2025-08-21 00:21:00,4109,2.879362
2025-08-21 00:24:00,3853,2.858656
2025-08-21 00:27:00,4529,3.059527
2025-08-21 00:30:00,4125,2.950691
2025-08-21 00:33:00,4001,2.796101
2025-08-21 00:36:00,4022,2.824639
2025-08-21 00:39:00,4038,2.687370
2025-08-21 00:42:00,4220,2.655332
2025-08-21 00:45:00,3874,2.663087
2025-08-21 00:48:00,4087,2.770957
2025-08-21 00:51:00,3954,2.950076
2025-08-21 00:54:00,4074,2.916789
2025-08-21 00:57:00,3927,2.824395
2025-08-21 01:00:00,4148,2.922493
2025-08-21 01:03:00,3978,2.803042
2025-08-21 01:06:00,3961,2.574804
2025-08-21 01:09:00,3943,2.790084
2025-08-21 01:12:00,3984,2.773745
2025-08-21 01:15:00,4025,2.875304
2025-08-21 01:18:00,4594,3.101654
2025-08-21 01:21:00,3866,2.960942
2025-08-21 01:24:00,4364,3.151787
2025-08-21 01:27:00,3985,3.026499
2025-08-21 01:30:00,4264,2.895966
2025-08-21 01:33:00,3116,2.891110
2025-08-21 01:36:00,4765,2.872004
2025-08-21 01:39:00,4223,2.861520
2025-08-21 01:42:00,4085,2.913782
2025-08-21 01:45:00,4390,2.977631
2025-08-21 01:48:00,4100,2.994293
2025-08-21 01:51:00,3788,2.824578
2025-08-21 01:54:00,4204,2.818554
2025-08-21 01:57:00,3646,2.674822
2025-08-21 02:00:00,3897,2.678804
2025-08-21 02:03:00,4073,2.690597
2025-08-21 02:06:00,4128,2.733503
2025-08-21 02:09:00,4195,2.949464
2025-08-21 02:12:00,4083,2.917144
2025-08-21 02:15:00,3904,2.893084
2025-08-21 02:18:00,4232,3.000142
2025-08-21 02:21:00,3903,2.917781
2025-08-21 02:24:00,4085,2.854027
2025-08-21 02:27:00,3742,2.918439
2025-08-21 02:30:00,3868,2.915124
2025-08-21 02:33:00,3686,2.640667
2025-08-21 02:36:00,3821,2.687516
2025-08-21 02:39:00,3711,2.708839
2025-08-21 02:42:00,3997,2.748136
2025-08-21 02:45:00,3539,2.744758
2025-08-21 02:48:00,3784,2.701401
2025-08-21 02:51:00,3957,2.825246
2025-08-21 02:54:00,3513,2.733960
2025-08-21 02:57:00,3672,2.755828
2025-08-21 03:00:00,4190,2.744821
2025-08-21 03:03:00,3938,2.716734
2025-08-21 03:06:00,3615,2.775159
2025-08-21 03:09:00,4058,2.716042
2025-08-21 03:12:00,4004,2.861738
2025-08-21 03:15:00,3890,2.946015
2025-08-21 03:18:00,4064,2.986467
2025-08-21 03:21:00,4362,2.966231
2025-08-21 03:24:00,4038,3.005349
2025-08-21 03:27:00,4456,2.998855
2025-08-21 03:30:00,3865,2.839664
2025-08-21 03:33:00,4270,3.029977
2025-08-21 03:36:00,4363,3.056979
2025-08-21 03:39:00,4075,3.067387
2025-08-21 03:42:00,4303,3.215524
2025-08-21 03:45:00,4283,3.323652
2025-08-21 03:48:00,4513,3.323953
2025-08-21 03:51:00,3322,3.211589
2025-08-21 03:54:00,4911,3.004846
2025-08-21 03:57:00,4355,3.173065
2025-08-21 04:00:00,4200,3.017190
2025-08-21 04:03:00,4043,2.884170
2025-08-21 04:06:00,4098,2.885822
2025-08-21 04:09:00,3344,2.942374
2025-08-21 04:12:00,5053,3.035919
2025-08-21 04:15:00,3807,3.064355
2025-08-21 04:18:00,4499,3.233785
2025-08-21 04:21:00,4342,3.255620
2025-08-21 04:24:00,4391,3.358711
2025-08-21 04:27:00,4509,3.525194
2025-08-21 04:30:00,4350,3.402943
2025-08-21 04:33:00,4648,3.400323
2025-08-21 04:36:00,4624,3.331358
2025-08-21 04:39:00,4611,3.185274
2025-08-21 04:42:00,3912,3.173722
2025-08-21 04:45:00,4822,3.367607
2025-08-21 04:48:00,4426,3.271622
2025-08-21 04:51:00,4447,3.195525
2025-08-21 04:54:00,4200,3.114571
2025-08-21 04:57:00,4669,3.214864
2025-08-21 05:00:00,4619,3.195713
2025-08-21 05:03:00,4612,3.365785
2025-08-21 05:06:00,4550,3.118286
2025-08-21 05:09:00,4705,3.223592
2025-08-21 05:12:00,4857,3.243484
2025-08-21 05:15:00,4758,3.413388
2025-08-21 05:18:00,4714,3.290305
2025-08-21 05:21:00,4711,3.343154
2025-08-21 05:24:00,4966,3.526198
2025-08-21 05:27:00,4636,3.320255
2025-08-21 05:30:00,4799,3.323942
2025-08-21 05:33:00,4487,3.688589
2025-08-21 05:36:00,5208,3.412615
2025-08-21 05:39:00,4693,3.497038
2025-08-21 05:42:00,5218,3.506823
2025-08-21 05:45:00,4870,3.452382
2025-08-21 05:48:00,4804,3.510325
2025-08-21 05:51:00,4799,3.537695
2025-08-21 05:54:00,4338,3.489742
2025-08-21 05:57:00,4923,3.299187
2025-08-21 07:51:00,30,1.533333
2025-08-21 07:54:00,86,0.888372
2025-08-21 07:57:00,9720,2.770021
2025-08-21 08:00:00,10124,2.793441
2025-08-21 08:03:00,10230,2.814800
2025-08-21 08:06:00,11228,2.952850
2025-08-21 08:09:00,10590,2.995430
2025-08-21 08:12:00,10824,2.854028
2025-08-21 08:15:00,11090,2.951506
2025-08-21 08:18:00,11158,2.909392
2025-08-21 08:21:00,11040,2.869239
2025-08-21 08:24:00,11458,2.837249
2025-08-21 08:27:00,10294,2.888051
2025-08-21 08:30:00,11682,3.000017
2025-08-21 08:33:00,12024,2.870359
2025-08-21 08:36:00,10180,2.723969
2025-08-21 08:39:00,11576,2.643521
2025-08-21 08:42:00,11626,2.675606
2025-08-21 08:45:00,11814,2.704740
2025-08-21 08:48:00,11758,2.646879
2025-08-21 08:51:00,11024,2.675980
2025-08-21 08:54:00,11272,2.633410
2025-08-21 08:57:00,11368,2.605401
2025-08-21 09:00:00,10608,2.394683
2025-08-21 09:03:00,11072,2.433941
2025-08-21 09:06:00,11198,2.445865
2025-08-21 09:09:00,11090,2.439729
2025-08-21 09:12:00,10998,2.415530
2025-08-21 09:15:00,11422,2.520417
2025-08-21 09:18:00,11274,2.365797
2025-08-21 09:21:00,10732,2.444726
2025-08-21 09:24:00,12086,2.378719
2025-08-21 09:27:00,10818,2.446552
2025-08-21 09:30:00,12736,2.432522
2025-08-21 09:33:00,12160,2.584046
2025-08-21 09:36:00,11304,2.549841
2025-08-21 09:39:00,12408,2.398130
2025-08-21 09:42:00,12988,2.528288
2025-08-21 09:45:00,11446,2.615656
2025-08-21 09:48:00,12160,2.731299
2025-08-21 09:51:00,12300,2.712276
2025-08-21 09:54:00,12310,2.621966
2025-08-21 09:57:00,12872,2.572825
2025-08-21 10:00:00,11880,2.582862
2025-08-21 10:03:00,12044,2.561873
2025-08-21 10:06:00,11866,2.616602
2025-08-21 10:09:00,12540,2.555279
2025-08-21 10:12:00,12086,2.625997
2025-08-21 10:15:00,12376,2.669748
2025-08-21 10:18:00,12724,2.680792
2025-08-21 10:21:00,12646,2.479203
2025-08-21 10:24:00,11746,2.457875
2025-08-21 10:27:00,12650,2.457708
2025-08-21 10:30:00,12304,2.497773
2025-08-21 10:33:00,13264,2.556906
2025-08-21 10:36:00,12426,2.511315
2025-08-21 10:39:00,12792,2.483912
2025-08-21 10:42:00,13284,2.495122
2025-08-21 10:45:00,11970,2.415940
2025-08-21 10:48:00,13990,2.511880
2025-08-21 10:51:00,12922,2.539901
2025-08-21 10:54:00,11978,2.455151
2025-08-21 10:57:00,12916,2.573258
2025-08-21 11:00:00,13868,2.673363
2025-08-21 11:03:00,12478,2.513880
2025-08-21 11:06:00,13038,2.451112
2025-08-21 11:09:00,12174,2.498324
2025-08-21 11:12:00,13560,2.523968
2025-08-21 11:15:00,12700,2.587496
2025-08-21 11:18:00,12532,2.518959
2025-08-21 11:21:00,12354,2.660920
2025-08-21 11:24:00,12370,2.520485
2025-08-21 11:27:00,12396,2.553388
2025-08-21 11:30:00,13022,2.553586
2025-08-21 11:33:00,12974,2.490905
2025-08-21 11:36:00,12018,2.545182
2025-08-21 11:39:00,13412,2.529049
2025-08-21 11:42:00,12586,2.438773
2025-08-21 11:45:00,11960,2.524381
2025-08-21 11:48:00,13542,2.603116
2025-08-21 11:51:00,12050,2.637643
2025-08-21 11:54:00,12286,2.515448
2025-08-21 11:57:00,12184,2.377692
2025-08-21 12:00:00,11006,2.524986
2025-08-21 12:03:00,14102,2.535186
2025-08-21 12:06:00,12958,2.332150
2025-08-21 12:09:00,12434,2.440759
2025-08-21 12:12:00,12472,2.511931
2025-08-21 12:15:00,12774,2.470612
2025-08-21 12:18:00,11934,2.417312
2025-08-21 12:21:00,12122,2.500297
2025-08-21 12:24:00,13514,2.530650
2025-08-21 12:27:00,12710,2.477199
2025-08-21 12:30:00,13386,2.432153
2025-08-21 12:33:00,13450,2.538112
2025-08-21 12:36:00,12970,2.556870
2025-08-21 12:39:00,12764,2.565920
2025-08-21 12:42:00,13268,2.616189
2025-08-21 12:45:00,13122,2.604420
2025-08-21 12:48:00,12358,2.586130
2025-08-21 12:51:00,14078,2.630956
2025-08-21 12:54:00,13200,2.624455
2025-08-21 12:57:00,13422,2.596483
2025-08-21 13:00:00,12108,2.581682
2025-08-21 13:03:00,7122,2.617214
2025-08-21 13:06:00,9100,2.670901
2025-08-21 13:09:00,13474,2.595369
2025-08-21 13:12:00,14014,2.695861
2025-08-21 13:15:00,13538,2.640272
2025-08-21 13:18:00,13106,2.624798
2025-08-21 13:21:00,13352,2.690863
2025-08-21 13:24:00,13812,2.708601
2025-08-21 13:27:00,13642,2.817989
2025-08-21 13:30:00,13722,2.770966
2025-08-21 13:33:00,13648,2.757913
2025-08-21 13:36:00,14558,2.707116
2025-08-21 13:39:00,14090,2.652889
2025-08-21 13:42:00,13896,2.635794
2025-08-21 13:45:00,13142,2.670339
2025-08-21 13:48:00,13574,2.669663
2025-08-21 13:51:00,13632,2.667562
2025-08-21 13:54:00,14324,2.736414
2025-08-21 13:57:00,14046,2.632735
2025-08-21 14:00:00,14044,2.726388
2025-08-21 14:03:00,14684,2.756837
2025-08-21 14:06:00,15260,2.867130
2025-08-21 14:09:00,12716,2.967443
2025-08-21 14:12:00,16676,2.899316
2025-08-21 14:15:00,14672,2.868566
2025-08-21 14:18:00,13428,2.959607
2025-08-21 14:21:00,15262,2.875206
2025-08-21 14:24:00,14978,2.979810
2025-08-21 14:27:00,13434,2.987122
2025-08-21 14:30:00,14672,2.818171
2025-08-21 14:33:00,14564,2.907992
2025-08-21 14:36:00,13584,2.931169
2025-08-21 14:39:00,13136,2.830131
2025-08-21 14:42:00,14458,2.759704
2025-08-21 14:45:00,13584,2.695068
2025-08-21 14:48:00,13468,2.749584
2025-08-21 14:51:00,13786,2.735152
2025-08-21 14:54:00,12966,2.677850
2025-08-21 14:57:00,13190,2.766338
2025-08-21 15:00:00,12058,2.714380
2025-08-21 15:03:00,13572,2.674668
2025-08-21 15:06:00,12684,2.524629
2025-08-21 15:09:00,12886,2.467189
2025-08-21 15:12:00,11370,2.438980
2025-08-21 15:15:00,11954,2.596286
2025-08-21 15:18:00,12778,2.626765
2025-08-21 15:21:00,11502,2.585376
2025-08-21 15:24:00,12080,2.553228
2025-08-21 15:27:00,12396,2.561342
2025-08-21 15:30:00,12494,2.597247
2025-08-21 15:33:00,11372,2.558002
2025-08-21 15:36:00,12296,2.526887
2025-08-21 15:39:00,12344,2.506886
2025-08-21 15:42:00,12684,2.627215
2025-08-21 15:45:00,12186,2.514984
2025-08-21 15:48:00,9434,2.567098
2025-08-21 15:51:00,12790,2.483597
2025-08-21 15:54:00,11690,2.530282
2025-08-21 15:57:00,11278,2.536070
2025-08-21 16:00:00,11098,2.395369
2025-08-21 16:03:00,11320,2.536890
2025-08-21 16:06:00,11552,2.525710
2025-08-21 16:09:00,11898,2.551504
2025-08-21 16:12:00,11610,2.489440
2025-08-21 16:15:00,11686,2.522728
2025-08-21 16:18:00,12302,2.606275
2025-08-21 16:21:00,10824,2.528234
2025-08-21 16:24:00,12376,2.518245
2025-08-21 16:27:00,11938,2.467331
2025-08-21 16:30:00,11162,2.535872
2025-08-21 16:33:00,11442,2.481769
2025-08-21 16:36:00,11604,2.453189
2025-08-21 16:39:00,11952,2.438906
2025-08-21 16:42:00,11348,2.427952
2025-08-21 16:45:00,11286,2.520149
2025-08-21 16:48:00,12410,2.532667
2025-08-21 16:51:00,11976,2.562007
2025-08-21 16:54:00,11162,2.693066
2025-08-21 16:57:00,11850,2.751949
2025-08-21 17:00:00,12584,2.719644
2025-08-21 17:03:00,9332,2.703236
2025-08-21 17:06:00,14854,2.882281
2025-08-21 17:09:00,11986,2.890639
2025-08-21 17:12:00,12046,2.731662
2025-08-21 17:15:00,12430,2.814851
2025-08-21 17:18:00,12800,2.915188
2025-08-21 17:21:00,12232,2.838309
2025-08-21 17:24:00,13458,2.400178
2025-08-21 17:27:00,12446,2.591547
2025-08-21 17:30:00,12248,2.542113
2025-08-21 17:33:00,12506,2.481065
2025-08-21 17:36:00,9230,2.566197
2025-08-21 17:39:00,14390,2.455316
2025-08-21 17:42:00,12758,2.522794
2025-08-21 17:45:00,12866,2.608363
2025-08-21 17:48:00,12496,2.576969
2025-08-21 17:51:00,12418,2.614978
2025-08-21 17:54:00,12418,2.629667
2025-08-21 17:57:00,12104,2.712475
2025-08-21 18:00:00,5964,2.614940
2025-08-21 18:03:00,6087,2.643125
2025-08-21 18:06:00,5967,2.751634
2025-08-21 18:09:00,6363,2.798271
2025-08-21 18:12:00,6303,2.841853
2025-08-21 18:15:00,6243,2.879129
2025-08-21 18:18:00,5780,2.700606
2025-08-21 18:21:00,6057,2.850355
2025-08-21 18:24:00,6103,2.726626
2025-08-21 18:27:00,5587,2.689637
2025-08-21 18:30:00,6119,2.792368
2025-08-21 18:33:00,6048,2.880688
2025-08-21 18:36:00,6054,2.820202
2025-08-21 18:39:00,5845,2.848708
2025-08-21 18:42:00,5988,2.891717
2025-08-21 18:45:00,5813,2.936694
2025-08-21 18:48:00,6136,2.999609
2025-08-21 18:51:00,6655,2.983982
2025-08-21 18:54:00,6063,3.010407
2025-08-21 18:57:00,6683,3.065869
2025-08-21 19:00:00,6022,2.944337
2025-08-21 19:03:00,6235,3.004395
2025-08-21 19:06:00,6165,3.055474
2025-08-21 19:09:00,6185,3.078416
2025-08-21 19:12:00,6107,3.098870
2025-08-21 19:15:00,6108,2.987197
2025-08-21 19:18:00,5306,2.963815
2025-08-21 19:21:00,5575,2.920843
2025-08-21 19:24:00,5939,2.912073
2025-08-21 19:27:00,5220,2.887222
2025-08-21 19:30:00,5666,3.025044
2025-08-21 19:33:00,6123,3.002384
2025-08-21 19:36:00,5695,3.043090
2025-08-21 19:39:00,6142,2.996190
2025-08-21 19:42:00,6139,2.895846
2025-08-21 19:45:00,5827,3.009628
2025-08-21 19:48:00,5820,3.011684
2025-08-21 19:51:00,5880,2.887194
2025-08-21 19:54:00,5950,2.890891
2025-08-21 19:57:00,6042,2.971500
2025-08-21 20:00:00,5726,3.107946
2025-08-21 20:03:00,5702,3.021905
2025-08-21 20:06:00,5777,3.136264
2025-08-21 20:09:00,5603,3.213368
2025-08-21 20:12:00,6072,3.185606
2025-08-21 20:15:00,5460,3.140348
2025-08-21 20:18:00,5598,3.078867
2025-08-21 20:21:00,5344,3.196707
2025-08-21 20:24:00,5205,3.060711
2025-08-21 20:27:00,5006,3.075949
2025-08-21 20:30:00,4820,2.936556
2025-08-21 20:33:00,4799,2.984622
2025-08-21 20:36:00,4745,2.945479
2025-08-21 20:39:00,4667,3.025841
2025-08-21 20:42:00,4987,3.013315
2025-08-21 20:45:00,5520,2.918261
2025-08-21 20:48:00,5595,2.822538
2025-08-21 20:51:00,6098,2.840981
2025-08-21 20:54:00,5828,2.721191
2025-08-21 20:57:00,5814,2.852890
2025-08-21 21:00:00,6221,2.802411
2025-08-21 21:03:00,6537,2.951752
2025-08-21 21:06:00,5566,2.929177
2025-08-21 21:09:00,5990,2.965442
2025-08-21 21:12:00,5817,2.858432
2025-08-21 21:15:00,5426,2.849742
2025-08-21 21:18:00,5774,2.873692
2025-08-21 21:21:00,5572,2.885463
2025-08-21 21:24:00,5477,2.742998
2025-08-21 21:27:00,5543,2.660130
2025-08-21 21:30:00,4686,2.643086
2025-08-21 21:33:00,5045,2.568523
2025-08-21 21:36:00,4771,2.474177
2025-08-21 21:39:00,4639,2.484587
2025-08-21 21:42:00,4811,2.456558
2025-08-21 21:45:00,4855,2.453368
2025-08-21 21:48:00,4743,2.506620
2025-08-21 21:51:00,4812,2.451039
2025-08-21 21:54:00,4862,2.471946
2025-08-21 21:57:00,4422,2.585979
2025-08-21 22:00:00,4772,2.669992
2025-08-21 22:03:00,4612,2.679640
2025-08-21 22:06:00,4519,2.718411
2025-08-21 22:09:00,4758,2.692623
2025-08-21 22:12:00,4344,2.749816
2025-08-21 22:15:00,4263,2.850317
2025-08-21 22:18:00,4301,2.827831
2025-08-21 22:21:00,4325,2.923399
2025-08-21 22:24:00,4376,2.858295
2025-08-21 22:27:00,4225,2.867645
2025-08-21 22:30:00,4145,2.945645
2025-08-21 22:33:00,4638,2.906533
2025-08-21 22:36:00,4214,2.761984
2025-08-21 22:39:00,4333,2.851973
2025-08-21 22:42:00,4038,2.726226
2025-08-21 22:45:00,4644,2.694208
2025-08-21 22:48:00,4084,2.802889
2025-08-21 22:51:00,4149,2.966377
2025-08-21 22:54:00,4295,2.979348
2025-08-21 22:57:00,4160,3.023413
2025-08-21 23:00:00,4278,3.108158
2025-08-21 23:03:00,4397,3.178736
2025-08-21 23:06:00,4390,3.156059
2025-08-21 23:09:00,4373,3.063298
2025-08-21 23:12:00,4245,2.925465
2025-08-21 23:15:00,4283,3.019963
2025-08-21 23:18:00,4217,2.978136
2025-08-21 23:21:00,4222,2.968546
2025-08-21 23:24:00,4249,2.957778
2025-08-21 23:27:00,4070,3.085332
2025-08-21 23:30:00,4286,2.907793
2025-08-21 23:33:00,4134,2.888389
2025-08-21 23:36:00,4064,3.013780
2025-08-21 23:39:00,3826,2.892603
2025-08-21 23:42:00,4675,2.932385
2025-08-21 23:45:00,4320,2.963125
2025-08-21 23:48:00,4390,3.141572
2025-08-21 23:51:00,4445,3.081867
2025-08-21 23:54:00,4390,3.195626
2025-08-21 23:57:00,4418,3.251539
2025-08-22 00:00:00,4572,3.113298
2025-08-22 00:03:00,4511,3.315584
2025-08-22 00:06:00,4219,3.131856
2025-08-22 00:09:00,4284,3.038142
2025-08-22 00:12:00,4418,3.111023
2025-08-22 00:15:00,3986,3.136553
2025-08-22 00:18:00,4646,3.060353
2025-08-22 00:21:00,4134,3.164465
2025-08-22 00:24:00,4123,3.270313
2025-08-22 00:27:00,4787,3.332672
2025-08-22 00:30:00,4039,3.235182
2025-08-22 00:33:00,4628,3.250324
2025-08-22 00:36:00,4309,3.253145
2025-08-22 00:39:00,4305,3.207294
2025-08-22 00:42:00,4368,3.233677
2025-08-22 00:45:00,4401,3.202204
2025-08-22 00:48:00,4262,3.074191
2025-08-22 00:51:00,3448,3.200000
2025-08-22 00:54:00,5482,3.236447
2025-08-22 00:57:00,4188,3.185005
2025-08-22 01:00:00,4281,3.112380
2025-08-22 01:03:00,4672,3.105865
2025-08-22 01:06:00,4225,3.125231
2025-08-22 01:09:00,4488,3.120143
2025-08-22 01:12:00,4139,2.945397
2025-08-22 01:15:00,4162,2.965521
2025-08-22 01:18:00,4451,3.027118
2025-08-22 01:21:00,3949,2.969790
2025-08-22 01:24:00,4568,2.904772
2025-08-22 01:27:00,4080,3.008578
2025-08-22 01:30:00,4222,3.059569
2025-08-22 01:33:00,4218,3.068492
2025-08-22 01:36:00,4263,3.068614
2025-08-22 01:39:00,4371,3.160535
2025-08-22 01:42:00,4347,3.126202
2025-08-22 01:45:00,4028,3.232051
2025-08-22 01:48:00,4560,3.113925
2025-08-22 01:51:00,4324,3.170398
2025-08-22 01:54:00,4189,3.075245
2025-08-22 01:57:00,4537,3.473419
2025-08-22 02:00:00,4524,3.469452
2025-08-22 02:03:00,4642,3.402994
2025-08-22 02:06:00,4314,3.331757
2025-08-22 02:09:00,4309,3.322070
2025-08-22 02:12:00,4520,3.347013
2025-08-22 02:15:00,3788,3.239097
2025-08-22 02:18:00,4427,3.186334
2025-08-22 02:21:00,4216,3.279886
2025-08-22 02:24:00,4129,3.263865
2025-08-22 02:27:00,3827,3.259080
2025-08-22 02:30:00,4398,3.186926
2025-08-22 02:33:00,4094,3.117709
2025-08-22 02:36:00,4127,3.160771
2025-08-22 02:39:00,3912,2.975307
2025-08-22 02:42:00,4064,3.175369
2025-08-22 02:45:00,3788,3.017476
2025-08-22 02:48:00,2979,2.948775
2025-08-22 02:51:00,4803,2.980075
2025-08-22 02:54:00,4035,3.019083
2025-08-22 02:57:00,4212,2.904867
2025-08-22 03:00:00,3989,3.299549
2025-08-22 03:03:00,4098,3.108809
2025-08-22 03:06:00,4065,3.140566
2025-08-22 03:09:00,4162,3.241615
2025-08-22 03:12:00,4249,3.286138
2025-08-22 03:15:00,4156,3.324567
2025-08-22 03:18:00,4178,3.188822
2025-08-22 03:21:00,4085,3.172338
2025-08-22 03:24:00,4142,3.217310
2025-08-22 03:27:00,3998,3.228614
2025-08-22 03:30:00,4185,3.217491
2025-08-22 03:33:00,4002,3.128411
2025-08-22 03:36:00,3894,3.254802
2025-08-22 03:39:00,3947,3.157993
2025-08-22 03:42:00,3900,3.105256
2025-08-22 03:45:00,3957,3.015770
2025-08-22 03:48:00,4025,2.993665
2025-08-22 03:51:00,3969,3.059814
2025-08-22 03:54:00,3954,3.119297
2025-08-22 03:57:00,3781,2.994843
2025-08-22 04:00:00,4338,2.933610
2025-08-22 04:03:00,4089,2.878528
2025-08-22 04:06:00,4219,2.889974
2025-08-22 04:09:00,3875,2.940619
2025-08-22 04:12:00,4305,2.729849
2025-08-22 04:15:00,3990,2.811454
2025-08-22 04:18:00,4198,2.846832
2025-08-22 04:21:00,4219,2.912230
2025-08-22 04:24:00,4145,2.975030
2025-08-22 04:27:00,4356,2.894261
2025-08-22 04:30:00,4268,2.749461
2025-08-22 04:33:00,4134,2.662941
2025-08-22 04:36:00,4226,2.822788
2025-08-22 04:39:00,4069,2.787442
2025-08-22 04:42:00,4187,2.811846
2025-08-22 04:45:00,4028,2.941882
2025-08-22 04:48:00,4010,2.805312
2025-08-22 04:51:00,4236,3.013031
2025-08-22 04:54:00,4082,3.006320
2025-08-22 04:57:00,4286,3.081825
2025-08-22 05:00:00,4448,2.992761
2025-08-22 05:03:00,4078,2.993796
2025-08-22 05:06:00,4437,2.964909
2025-08-22 05:09:00,4368,2.995215
2025-08-22 05:12:00,3980,2.927437
2025-08-22 05:15:00,4427,2.781703
2025-08-22 05:18:00,4024,2.880964
2025-08-22 05:21:00,4172,2.846572
2025-08-22 05:24:00,3966,2.842789
2025-08-22 05:27:00,4062,2.894559
2025-08-22 05:30:00,4012,2.828365
2025-08-22 05:33:00,4311,2.909905
2025-08-22 05:36:00,4372,2.950984
2025-08-22 05:39:00,4345,2.877146
2025-08-22 05:42:00,4248,2.714454
2025-08-22 05:45:00,3826,2.922321
2025-08-22 05:48:00,3849,2.775890
2025-08-22 05:51:00,4641,2.805818
2025-08-22 05:54:00,4342,2.737011
2025-08-22 05:57:00,4130,2.874552
2025-08-22 12:36:00,4,0.000000
2025-08-22 12:39:00,31,0.938710
2025-08-22 12:42:00,2352,2.724405
2025-08-22 12:45:00,7422,2.896672
2025-08-22 12:48:00,7085,3.066662
2025-08-22 12:51:00,8035,3.159490
2025-08-22 12:54:00,7869,3.162956
2025-08-22 12:57:00,7075,3.074770
2025-08-22 13:00:00,7524,3.180183
2025-08-22 13:03:00,7553,3.140500
2025-08-22 13:06:00,7530,3.103015
2025-08-22 13:09:00,7124,3.114992
2025-08-22 13:12:00,8412,3.091215
2025-08-22 13:15:00,7584,3.194792
2025-08-22 13:18:00,7152,3.153216
2025-08-22 13:21:00,8088,2.874505
2025-08-22 13:24:00,7637,3.049718
2025-08-22 13:27:00,7411,2.928120
2025-08-22 13:30:00,8007,2.871013
2025-08-22 13:33:00,7270,2.944553
2025-08-22 13:36:00,7559,2.975910
2025-08-22 13:39:00,7615,2.949350
2025-08-22 13:42:00,7596,2.996867
2025-08-22 13:45:00,7580,3.148826
2025-08-22 13:48:00,7714,3.047459
2025-08-22 13:51:00,7352,3.007331
2025-08-22 13:54:00,7495,3.019480
2025-08-22 13:57:00,7611,3.082394
2025-08-22 14:00:00,7749,3.275519
2025-08-22 14:03:00,7256,3.280030
2025-08-22 14:06:00,8338,3.349808
2025-08-22 14:09:00,8515,3.492660
2025-08-22 14:12:00,7186,3.493724
2025-08-22 14:15:00,7397,3.385007
2025-08-22 14:18:00,7720,3.295078
2025-08-22 14:21:00,6716,3.452397
2025-08-22 14:24:00,8123,3.300862
2025-08-22 14:27:00,6804,3.334730
2025-08-22 14:30:00,7534,3.382453
2025-08-22 14:33:00,6897,3.502349
2025-08-22 14:36:00,7252,3.406219
2025-08-22 14:39:00,7049,3.392354
2025-08-22 14:42:00,7012,3.382288
2025-08-22 14:45:00,7539,3.360658
2025-08-22 14:48:00,7329,3.474567
2025-08-22 14:51:00,7308,3.421278
2025-08-22 14:54:00,7107,3.468594
2025-08-22 14:57:00,6999,3.431204
2025-08-22 15:00:00,6560,3.269634
2025-08-22 15:03:00,7051,3.378386
2025-08-22 15:06:00,6798,3.337643
2025-08-22 15:09:00,6744,3.277625
2025-08-22 15:12:00,6555,3.269565
2025-08-22 15:15:00,6421,3.233484
2025-08-22 15:18:00,6422,3.311071
2025-08-22 15:21:00,6348,3.105261
2025-08-22 15:24:00,6573,3.060155
2025-08-22 15:27:00,6339,2.931740
2025-08-22 15:30:00,6487,3.016741
2025-08-22 15:33:00,6526,3.026739
2025-08-22 15:36:00,6539,2.945450
2025-08-22 15:39:00,6423,3.014650
2025-08-22 15:42:00,6339,2.932955
2025-08-22 15:45:00,6081,2.956471
2025-08-22 15:48:00,6454,2.950558
2025-08-22 15:51:00,6047,2.853365
2025-08-22 15:54:00,6315,2.956516
2025-08-22 15:57:00,6205,2.935923
2025-08-22 16:00:00,6263,2.927319
2025-08-22 16:03:00,5820,2.891151
2025-08-22 16:06:00,6051,2.903867
2025-08-22 16:09:00,6393,3.032223
2025-08-22 16:12:00,5981,3.021769
2025-08-22 16:15:00,5861,3.019792
2025-08-22 16:18:00,6190,2.928271
2025-08-22 16:21:00,5781,3.028801
2025-08-22 16:24:00,6253,3.096226
2025-08-22 16:27:00,5906,3.102608
2025-08-22 16:30:00,5815,3.046208
2025-08-22 16:33:00,5924,2.972974
2025-08-22 16:36:00,6038,2.933389
2025-08-22 16:39:00,6380,3.053762
2025-08-22 16:42:00,5812,2.866414
2025-08-22 16:45:00,6572,2.895679
2025-08-22 16:48:00,5717,2.793213
2025-08-22 16:51:00,5980,2.766990
2025-08-22 16:54:00,5983,2.837623
2025-08-22 16:57:00,5576,2.745337
2025-08-22 17:00:00,6165,2.665109
2025-08-22 17:03:00,5801,2.602775
2025-08-22 17:06:00,5733,2.685557
2025-08-22 17:09:00,5855,2.709069
2025-08-22 17:12:00,5861,2.695717
2025-08-22 17:15:00,5785,2.594209
2025-08-22 17:18:00,5564,2.657063
2025-08-22 17:21:00,6512,2.864696
2025-08-22 17:24:00,6138,2.818198
2025-08-22 17:27:00,6388,2.637868
2025-08-22 17:30:00,6019,2.758249
2025-08-22 17:33:00,6283,2.777033
2025-08-22 17:36:00,6170,2.573614
2025-08-22 17:39:00,6446,2.545268
2025-08-22 17:42:00,5867,2.557031
2025-08-22 17:45:00,6404,2.770394
2025-08-22 17:48:00,6368,2.711778
2025-08-22 17:51:00,6590,2.658725
2025-08-22 17:54:00,6723,2.681957
2025-08-22 17:57:00,6270,2.577464
2025-08-22 18:00:00,6569,2.835835
2025-08-22 18:03:00,6558,2.803278
2025-08-22 18:06:00,6550,2.792183
2025-08-22 18:09:00,6398,2.885120
2025-08-22 18:12:00,6020,2.762209
2025-08-22 18:15:00,6376,2.931368
2025-08-22 18:18:00,6409,2.927898
2025-08-22 18:21:00,6083,2.960595
2025-08-22 18:24:00,5503,2.758532
2025-08-22 18:27:00,6219,2.648271
2025-08-22 18:30:00,5674,2.664047
2025-08-22 18:33:00,5985,2.533150
2025-08-22 18:36:00,5885,2.636262
2025-08-22 18:39:00,5897,2.624707
2025-08-22 18:42:00,5329,2.604579
2025-08-22 18:45:00,5909,2.597563
2025-08-22 18:48:00,5668,2.587703
2025-08-22 18:51:00,5730,2.651623
2025-08-22 18:54:00,5660,2.832420
2025-08-22 18:57:00,5773,2.659917
2025-08-22 19:00:00,5806,2.805425
2025-08-22 19:03:00,6107,2.977747
2025-08-22 19:06:00,5281,2.966559
2025-08-22 19:09:00,5971,3.030682
2025-08-22 19:12:00,6789,3.126322
2025-08-22 19:15:00,5388,2.947290
2025-08-22 19:18:00,6159,2.964848
2025-08-22 19:21:00,5415,3.019077
2025-08-22 19:24:00,5750,3.034052
2025-08-22 19:27:00,6566,2.964651
2025-08-22 19:30:00,5682,2.946146
2025-08-22 19:33:00,4919,2.837853
2025-08-22 19:36:00,6629,2.895927
2025-08-22 19:39:00,5701,2.831451
2025-08-22 19:42:00,6244,2.968610
2025-08-22 19:45:00,5955,2.988111
2025-08-22 19:48:00,5458,2.802822
2025-08-22 19:51:00,5434,2.753625
2025-08-22 19:54:00,5209,2.867479
2025-08-22 19:57:00,5960,2.824262
2025-08-22 20:00:00,5829,2.935392
2025-08-22 20:03:00,5789,2.827932
2025-08-22 20:06:00,6358,3.099685
2025-08-22 20:09:00,6127,3.092068
2025-08-22 20:12:00,6223,3.055102
2025-08-22 20:15:00,6026,3.157401
2025-08-22 20:18:00,5947,3.249689
2025-08-22 20:21:00,5523,3.108329
2025-08-22 20:24:00,6051,3.157098
2025-08-22 20:27:00,6007,3.179590
2025-08-22 20:30:00,5526,3.389848
2025-08-22 20:33:00,5437,3.290859
2025-08-22 20:36:00,5630,3.260160
2025-08-22 20:39:00,5205,3.314966
2025-08-22 20:42:00,5861,3.351681
2025-08-22 20:45:00,6611,3.134579
2025-08-22 20:48:00,6709,3.124668
2025-08-22 20:51:00,6970,3.144562
2025-08-22 20:54:00,7384,3.080051
2025-08-22 20:57:00,6473,3.048169
2025-08-22 21:00:00,7015,3.008596
2025-08-22 21:03:00,6527,3.115398
2025-08-22 21:06:00,6763,3.054902
2025-08-22 21:09:00,6866,3.226580
2025-08-22 21:12:00,7025,3.168897
2025-08-22 21:15:00,5975,3.135079
2025-08-22 21:18:00,6349,3.317231
2025-08-22 21:21:00,6981,3.246970
2025-08-22 21:24:00,6201,3.420739
2025-08-22 21:27:00,6333,3.377262
2025-08-22 21:30:00,6398,3.247093
2025-08-22 21:33:00,6032,3.162351
2025-08-22 21:36:00,5452,3.113225
2025-08-22 21:39:00,5506,3.228278
2025-08-22 21:42:00,5737,3.075684
2025-08-22 21:45:00,5385,3.227484
2025-08-22 21:48:00,5422,3.088067
2025-08-22 21:51:00,5237,3.041340
2025-08-22 21:54:00,4996,3.136149
2025-08-22 21:57:00,4843,3.044291
2025-08-22 22:00:00,4706,3.143519
2025-08-22 22:03:00,4831,3.022915
2025-08-22 22:06:00,4829,3.130068
2025-08-22 22:09:00,4423,3.348429
2025-08-22 22:12:00,4895,3.330439
2025-08-22 22:15:00,4577,3.193052
2025-08-22 22:18:00,4946,3.224100
2025-08-22 22:21:00,4577,3.102731
2025-08-22 22:24:00,4467,3.227916
2025-08-22 22:27:00,4737,3.177159
2025-08-22 22:30:00,4447,3.147515
2025-08-22 22:33:00,4564,3.229470
2025-08-22 22:36:00,3964,3.113875
2025-08-22 22:39:00,4548,3.142788
2025-08-22 22:42:00,4380,3.118470
2025-08-22 22:45:00,4405,3.317821
2025-08-22 22:48:00,4358,3.334167
2025-08-22 22:51:00,4271,3.203746
2025-08-22 22:54:00,4513,3.166231
2025-08-22 22:57:00,4334,3.215136
2025-08-22 23:00:00,4498,3.201578
2025-08-22 23:03:00,4472,3.263417
2025-08-22 23:06:00,4538,3.236029
2025-08-22 23:09:00,4163,3.206702
2025-08-22 23:12:00,4389,3.229209
2025-08-22 23:15:00,4656,3.216473
2025-08-22 23:18:00,4506,3.202130
2025-08-22 23:21:00,4376,3.099497
2025-08-22 23:24:00,4528,3.487831
2025-08-22 23:27:00,4549,3.293317
2025-08-22 23:30:00,4588,3.296338
2025-08-22 23:33:00,4307,3.302206
2025-08-22 23:36:00,4422,3.278562
2025-08-22 23:39:00,4265,3.175358
2025-08-22 23:42:00,4424,3.180425
2025-08-22 23:45:00,2747,3.130360
2025-08-22 23:48:00,5967,2.932294
2025-08-22 23:51:00,4607,3.071478
2025-08-22 23:54:00,4439,3.154427
2025-08-22 23:57:00,4540,3.180617
2025-08-23 00:00:00,4718,3.234930
2025-08-23 00:03:00,4566,3.179304
2025-08-23 00:06:00,4693,3.320328
2025-08-23 00:09:00,4537,3.173926
2025-08-23 00:12:00,4625,3.133968
2025-08-23 00:15:00,4446,3.161381
2025-08-23 00:18:00,4296,3.102980
2025-08-23 00:21:00,4411,3.145092
2025-08-23 00:24:00,4261,3.031589
2025-08-23 00:27:00,4179,3.277387
2025-08-23 00:30:00,4007,3.010357
2025-08-23 00:33:00,4117,2.968739
2025-08-23 00:36:00,4492,3.024577
2025-08-23 00:39:00,4385,3.115986
2025-08-23 00:42:00,3532,3.049037
2025-08-23 00:45:00,4698,3.140336
2025-08-23 00:48:00,4215,3.020546
2025-08-23 00:51:00,4362,3.037689
2025-08-23 00:54:00,3950,2.978658
2025-08-23 00:57:00,4044,2.934125
2025-08-23 01:00:00,2643,2.874612
2025-08-23 01:03:00,5211,2.971541
2025-08-23 01:06:00,4078,2.929769
2025-08-23 01:09:00,4213,2.889509
2025-08-23 01:12:00,3932,2.826806
2025-08-23 01:15:00,4038,2.983631
2025-08-23 01:18:00,4267,3.008484
2025-08-23 01:21:00,4289,2.952553
2025-08-23 01:24:00,4340,3.152051
2025-08-23 01:27:00,3960,3.053662
2025-08-23 01:30:00,4475,2.985050
2025-08-23 01:33:00,4373,2.951566
2025-08-23 01:36:00,4272,2.990684
2025-08-23 01:39:00,4111,3.042885
2025-08-23 01:42:00,3964,3.148688
2025-08-23 01:45:00,4042,3.109104
2025-08-23 01:48:00,4214,2.988728
2025-08-23 01:51:00,3783,2.958736
2025-08-23 01:54:00,4142,3.129744
2025-08-23 01:57:00,3970,3.088892
2025-08-23 02:00:00,3916,2.982559
2025-08-23 02:03:00,3822,2.857405
2025-08-23 02:06:00,4041,2.849963
2025-08-23 02:09:00,3653,2.885136
2025-08-23 02:12:00,3762,2.932243
2025-08-23 02:15:00,3661,2.879186
2025-08-23 02:18:00,3687,2.932682
2025-08-23 02:21:00,3874,3.060196
2025-08-23 02:24:00,3991,3.134954
2025-08-23 02:27:00,3798,2.951237
2025-08-23 02:30:00,3758,2.756573
2025-08-23 02:33:00,3597,2.766250
2025-08-23 02:36:00,3722,2.950860
2025-08-23 02:39:00,3752,2.844483
2025-08-23 02:42:00,3548,2.805834
2025-08-23 02:45:00,3993,2.930729
2025-08-23 02:48:00,3646,2.978799
2025-08-23 02:51:00,4055,3.082688
2025-08-23 02:54:00,3881,3.127622
2025-08-23 02:57:00,2725,3.160697
2025-08-23 03:00:00,5222,3.283684
2025-08-23 03:03:00,3964,3.057038
2025-08-23 03:06:00,3976,3.112726
2025-08-23 03:09:00,3901,3.147962
2025-08-23 03:12:00,3910,3.240281
2025-08-23 03:15:00,4398,3.286539
2025-08-23 03:18:00,4164,3.174952
2025-08-23 03:21:00,4219,3.266485
2025-08-23 03:24:00,4300,3.219465
2025-08-23 03:27:00,4151,3.127825
2025-08-23 03:30:00,4297,3.268885
2025-08-23 03:33:00,3878,3.186075
2025-08-23 03:36:00,4362,3.240234
2025-08-23 03:39:00,4238,3.285087
2025-08-23 03:42:00,4154,3.300409
2025-08-23 03:45:00,4033,3.277039
2025-08-23 03:48:00,4101,3.162741
2025-08-23 03:51:00,3993,3.197996
2025-08-23 03:54:00,4063,3.271056
2025-08-23 03:57:00,4208,3.393394
2025-08-23 04:00:00,4294,3.249581
2025-08-23 04:03:00,3968,3.183291
2025-08-23 04:06:00,4215,3.251317
2025-08-23 04:09:00,3977,3.271486
2025-08-23 04:12:00,3983,3.318077
2025-08-23 04:15:00,4828,3.334341
2025-08-23 04:18:00,3935,3.254994
2025-08-23 04:21:00,4611,3.317285
2025-08-23 04:24:00,4161,3.208195
2025-08-23 04:27:00,4210,3.280143
2025-08-23 04:30:00,4104,3.203679
2025-08-23 04:33:00,4292,3.243709
2025-08-23 04:36:00,4344,3.380387
2025-08-23 04:39:00,4212,3.285280
2025-08-23 04:42:00,3938,3.201270
2025-08-23 04:45:00,4355,3.267256
2025-08-23 04:48:00,4020,3.111791
2025-08-23 04:51:00,4171,2.973052
2025-08-23 04:54:00,4054,2.941268
2025-08-23 04:57:00,3920,2.708903
2025-08-23 05:00:00,4059,2.715620
2025-08-23 05:03:00,4021,2.977767
2025-08-23 05:06:00,3904,2.841624
2025-08-23 05:09:00,3841,2.938714
2025-08-23 05:12:00,4077,3.038803
2025-08-23 05:15:00,4204,3.100190
2025-08-23 05:18:00,3997,2.887065
2025-08-23 05:21:00,3976,3.070096
2025-08-23 05:24:00,4029,2.933110
2025-08-23 05:27:00,4060,2.911897
2025-08-23 05:30:00,4131,3.298354
2025-08-23 05:33:00,3940,3.380051
2025-08-23 05:36:00,4384,3.744183
2025-08-23 05:39:00,4324,3.802290
2025-08-23 05:42:00,4153,3.675102
2025-08-23 05:45:00,4584,3.846444
2025-08-23 05:48:00,4348,3.879393
2025-08-23 05:51:00,4421,3.837525
2025-08-23 05:54:00,4319,3.747511
2025-08-23 05:57:00,4828,3.846624
2025-08-23 06:00:00,4399,3.752626
2025-08-23 06:03:00,4833,3.809435
2025-08-23 06:06:00,4752,3.788742
2025-08-23 06:09:00,4428,3.912918
2025-08-23 06:12:00,4684,3.901110
2025-08-23 06:15:00,4715,3.823499
2025-08-23 06:18:00,4596,3.962554
2025-08-23 06:21:00,4756,3.975084
2025-08-23 06:24:00,4983,3.598154
2025-08-23 06:27:00,4685,3.632529
2025-08-23 06:30:00,4475,3.546927
2025-08-23 06:33:00,4210,3.326413
2025-08-23 06:36:00,4770,3.197338
2025-08-23 06:39:00,4749,3.304906
2025-08-23 06:42:00,4448,3.353080
2025-08-23 06:45:00,4520,3.483827
2025-08-23 06:48:00,4917,3.374029
2025-08-23 06:51:00,4626,3.339732
2025-08-23 06:54:00,4475,3.222011
2025-08-23 06:57:00,4725,3.159831
2025-08-23 07:00:00,4739,3.256024
2025-08-23 07:03:00,4821,3.204937
2025-08-23 07:06:00,4674,3.230103
2025-08-23 07:09:00,5171,3.075208
2025-08-23 07:12:00,4561,2.998093
2025-08-23 07:15:00,4395,3.114608
2025-08-23 07:18:00,4586,3.124466
2025-08-23 07:21:00,4561,2.995505
2025-08-23 07:24:00,4578,2.982831
2025-08-23 07:27:00,4587,2.979442
2025-08-23 07:30:00,4367,2.895329
2025-08-23 07:33:00,4633,2.670192
2025-08-23 07:36:00,4428,2.626784
2025-08-23 07:39:00,4663,2.544199
2025-08-23 07:42:00,4779,2.626909
2025-08-23 07:45:00,4438,2.867733
2025-08-23 07:48:00,4861,2.963896
2025-08-23 07:51:00,4630,2.780583
2025-08-23 07:54:00,4801,2.707519
2025-08-23 07:57:00,4771,2.518193
2025-08-23 08:00:00,4568,2.648008
2025-08-23 08:03:00,3806,2.847346
2025-08-23 08:06:00,6451,2.820694
2025-08-23 08:09:00,4182,2.723434
2025-08-23 08:12:00,6622,2.773724
2025-08-23 08:15:00,5535,2.634652
2025-08-23 08:18:00,5262,2.700038
2025-08-23 08:21:00,5677,2.842540
2025-08-23 08:24:00,5279,2.631711
2025-08-23 08:27:00,5284,2.507873
2025-08-23 08:30:00,5812,2.807450
2025-08-23 08:33:00,5508,2.813108
2025-08-23 08:36:00,5656,2.665612
2025-08-23 08:39:00,5676,2.626092
2025-08-23 08:42:00,5855,2.546422
2025-08-23 08:45:00,5978,2.672382
2025-08-23 08:48:00,6005,2.542848
2025-08-23 08:51:00,5512,2.474256
2025-08-23 08:54:00,5496,2.421270
2025-08-23 08:57:00,5465,2.385087
2025-08-23 09:00:00,5762,2.394464
2025-08-23 09:03:00,5399,2.373051
2025-08-23 09:06:00,5517,2.390810
2025-08-23 09:09:00,5426,2.366790
2025-08-23 09:12:00,5634,2.319720
2025-08-23 09:15:00,5720,2.306049
2025-08-23 09:18:00,5465,2.280878
2025-08-23 09:21:00,5884,2.543746
2025-08-23 09:24:00,5736,2.315150
2025-08-23 09:27:00,5538,2.467624
2025-08-23 09:30:00,5802,2.443761
2025-08-23 09:33:00,5790,2.483109
2025-08-23 09:36:00,5840,2.476832
2025-08-23 09:39:00,5935,2.416698
2025-08-23 09:42:00,5695,2.590571
2025-08-23 09:45:00,6411,2.708719
2025-08-23 09:48:00,5944,2.685279
2025-08-23 09:51:00,5831,2.653782
2025-08-23 09:54:00,6253,2.709867
2025-08-23 09:57:00,5856,2.663866
2025-08-23 10:00:00,6239,2.552701
2025-08-23 10:03:00,5826,2.558016
2025-08-23 10:06:00,6555,2.606041
2025-08-23 10:09:00,6291,2.594452
2025-08-23 10:12:00,6160,2.517565
2025-08-23 10:15:00,6014,2.565913
2025-08-23 10:18:00,6134,2.378693
2025-08-23 10:21:00,6105,2.281458
2025-08-23 10:24:00,5928,2.332760
2025-08-23 10:27:00,6247,2.357868
2025-08-23 10:30:00,6228,2.345247
2025-08-23 10:33:00,6384,2.475799
2025-08-23 10:36:00,6344,2.451718
2025-08-23 10:39:00,6311,2.389193
2025-08-23 10:42:00,5599,2.222290
2025-08-23 10:45:00,6630,2.249261
2025-08-23 10:48:00,6349,2.325012
2025-08-23 10:51:00,6111,2.339895
2025-08-23 10:54:00,5692,2.299086
2025-08-23 10:57:00,5934,2.286636
2025-08-23 11:00:00,5982,2.276095
2025-08-23 11:03:00,5913,2.303213
2025-08-23 11:06:00,5400,2.325370
2025-08-23 11:09:00,6519,2.343304
2025-08-23 11:12:00,5747,2.519593
2025-08-23 11:15:00,5736,2.428260
2025-08-23 11:18:00,5572,2.375215
2025-08-23 11:21:00,5468,2.394879
2025-08-23 11:24:00,5572,2.386073
2025-08-23 11:27:00,5850,2.292838
2025-08-23 11:30:00,5518,2.496955
2025-08-23 11:33:00,6170,2.545786
2025-08-23 11:36:00,5872,2.440054
2025-08-23 11:39:00,6169,2.430021
2025-08-23 11:42:00,5645,2.384057
2025-08-23 11:45:00,5800,2.343621
2025-08-23 11:48:00,5859,2.344649
2025-08-23 11:51:00,5800,2.428707
2025-08-23 11:54:00,5581,2.364110
2025-08-23 11:57:00,6177,2.314635
2025-08-23 12:00:00,5967,2.413491
2025-08-23 12:03:00,6046,2.463629
2025-08-23 12:06:00,6021,2.321242
2025-08-23 12:09:00,6032,2.376757
2025-08-23 12:12:00,6104,2.389253
2025-08-23 12:15:00,6430,2.534743
2025-08-23 12:18:00,6389,2.576553
2025-08-23 12:21:00,6529,2.824583
2025-08-23 12:24:00,6212,2.684321
2025-08-23 12:27:00,6408,2.598861
2025-08-23 12:30:00,6366,2.685517
2025-08-23 12:33:00,6203,2.600129
2025-08-23 12:36:00,6743,2.576776
2025-08-23 12:39:00,5986,2.539359
2025-08-23 12:42:00,7006,2.544776
2025-08-23 12:45:00,5378,2.687616
2025-08-23 12:48:00,7891,2.786706
2025-08-23 12:51:00,6882,2.916376
2025-08-23 12:54:00,7019,3.000755
2025-08-23 12:57:00,6017,2.821672
2025-08-23 13:00:00,6374,2.826890
2025-08-23 13:03:00,6797,2.873326
2025-08-23 13:06:00,6755,2.862650
2025-08-23 13:09:00,7126,3.004743
2025-08-23 13:12:00,6541,2.915181
2025-08-23 13:15:00,6844,2.985915
2025-08-23 13:18:00,7147,3.079950
2025-08-23 13:21:00,7335,3.095106
2025-08-23 13:24:00,6812,3.296477
2025-08-23 13:27:00,7167,3.150160
2025-08-23 13:30:00,6687,3.093734
2025-08-23 13:33:00,7654,3.078939
2025-08-23 13:36:00,7014,3.033205
2025-08-23 13:39:00,7421,3.095769
2025-08-23 13:42:00,6895,3.051487
2025-08-23 13:45:00,7220,3.117119
2025-08-23 13:48:00,7166,3.130519
2025-08-23 13:51:00,7286,3.203225
2025-08-23 13:54:00,7189,3.242259
2025-08-23 13:57:00,7180,3.179610
2025-08-23 14:00:00,6903,3.114211
2025-08-23 14:03:00,6657,3.230494
2025-08-23 14:06:00,7289,3.224736
2025-08-23 14:09:00,6958,3.184277
2025-08-23 14:12:00,7273,3.363261
2025-08-23 14:15:00,6767,3.205098
2025-08-23 14:18:00,7188,3.216124
2025-08-23 14:21:00,6586,3.224491
2025-08-23 14:24:00,6858,3.240143
2025-08-23 14:27:00,6702,3.150507
2025-08-23 14:30:00,6355,3.164878
2025-08-23 14:33:00,7120,3.068258
2025-08-23 14:36:00,6703,3.023646
2025-08-23 14:39:00,6614,2.949305
2025-08-23 14:42:00,6610,2.948169
2025-08-23 14:45:00,6106,2.916918
2025-08-23 14:48:00,6878,2.916080
2025-08-23 14:51:00,6220,2.912508
2025-08-23 14:54:00,6294,2.901176
2025-08-23 14:57:00,6288,2.902195
2025-08-23 15:00:00,6054,2.797555
2025-08-23 15:03:00,6153,2.779376
2025-08-23 15:06:00,6318,2.745220
2025-08-23 15:09:00,6215,2.693146
2025-08-23 15:12:00,6255,2.739137
2025-08-23 15:15:00,5975,2.761172
2025-08-23 15:18:00,5886,2.746534
2025-08-23 15:21:00,6086,2.944808
2025-08-23 15:24:00,5799,2.849181
2025-08-23 15:27:00,6033,2.860119
2025-08-23 15:30:00,6358,2.900991
2025-08-23 15:33:00,5660,2.951961
2025-08-23 15:36:00,5962,2.907045
2025-08-23 15:39:00,5666,2.724991
2025-08-23 15:42:00,5939,2.721721
2025-08-23 15:45:00,5475,2.678758
2025-08-23 15:48:00,5520,2.702754
2025-08-23 15:51:00,5846,2.700701
2025-08-23 15:54:00,5420,2.754686
2025-08-23 15:57:00,5365,2.756440
2025-08-23 16:00:00,5832,2.707082
2025-08-23 16:03:00,5645,2.684446
2025-08-23 16:06:00,5246,2.753812
2025-08-23 16:09:00,5508,2.652832
2025-08-23 16:12:00,5598,2.694748
2025-08-23 16:15:00,5491,2.617374
2025-08-23 16:18:00,5629,2.626879
2025-08-23 16:21:00,5588,2.660863
2025-08-23 16:24:00,5178,2.629529
2025-08-23 16:27:00,5642,2.633463
2025-08-23 16:30:00,5321,2.753843
2025-08-23 16:33:00,6104,2.981913
2025-08-23 16:36:00,6015,2.925453
2025-08-23 16:39:00,5415,2.831634
2025-08-23 16:42:00,5698,2.925588
2025-08-23 16:45:00,5793,2.896945
2025-08-23 16:48:00,5701,2.877250
2025-08-23 16:51:00,5651,2.816174
2025-08-23 16:54:00,5252,2.940556
2025-08-23 16:57:00,5732,2.893388
2025-08-23 17:00:00,5422,2.714644
2025-08-23 17:03:00,5615,2.635120
2025-08-23 17:06:00,5965,2.683537
2025-08-23 17:09:00,5193,2.496515
2025-08-23 17:12:00,4844,2.680739
2025-08-23 17:15:00,6567,2.692234
2025-08-23 17:18:00,6037,2.665894
2025-08-23 17:21:00,5613,2.665224
2025-08-23 17:24:00,6092,2.742104
2025-08-23 17:27:00,6086,2.740421
2025-08-23 17:30:00,6036,2.758052
2025-08-23 17:33:00,5810,2.768279
2025-08-23 17:36:00,6071,2.766842
2025-08-23 17:39:00,6265,2.772913
2025-08-23 17:42:00,5550,2.684811
2025-08-23 17:45:00,5555,2.724050
2025-08-23 17:48:00,5998,2.749533
2025-08-23 17:51:00,5767,2.761939
2025-08-23 17:54:00,5870,2.751601
2025-08-23 17:57:00,6069,2.624287
2025-08-23 18:00:00,5557,2.576714
2025-08-23 18:03:00,5313,2.671843
2025-08-23 18:06:00,5997,2.626530
2025-08-23 18:09:00,5417,2.454089
2025-08-23 18:12:00,5569,2.453995
2025-08-23 18:15:00,4190,2.527852
2025-08-23 18:18:00,6082,2.400954
2025-08-23 18:21:00,5436,2.413944
2025-08-23 18:24:00,5139,2.484744
2025-08-23 18:27:00,5196,2.483737
2025-08-23 18:30:00,4774,2.500649
2025-08-23 18:33:00,4976,2.574437
2025-08-23 18:36:00,5303,2.589214
2025-08-23 18:39:00,5091,2.632607
2025-08-23 18:42:00,5383,2.662549
2025-08-23 18:45:00,5101,2.499941
2025-08-23 18:48:00,4998,2.379532
2025-08-23 18:51:00,3739,2.312009
2025-08-23 18:54:00,5996,2.398949
2025-08-23 18:57:00,5022,2.312804
2025-08-23 19:00:00,4518,2.247145
2025-08-23 19:03:00,3646,2.244707
2025-08-23 19:06:00,5963,2.233071
2025-08-23 19:09:00,4996,2.335228
2025-08-23 19:12:00,5084,2.409736
2025-08-23 19:15:00,4385,2.334800
2025-08-23 19:18:00,5252,2.250609
2025-08-23 19:21:00,4498,2.299244
2025-08-23 19:24:00,4786,2.430485
2025-08-23 19:27:00,4807,2.352257
2025-08-23 19:30:00,4851,2.329417
2025-08-23 19:33:00,3621,2.322038
2025-08-23 19:36:00,6104,2.339253
2025-08-23 19:39:00,4949,2.201798
2025-08-23 19:42:00,5135,2.292210
2025-08-23 19:45:00,4944,2.277225
2025-08-23 19:48:00,4810,2.279127
2025-08-23 19:51:00,4890,2.414785
2025-08-23 19:54:00,4713,2.419775
2025-08-23 19:57:00,4693,2.382037
2025-08-23 20:00:00,5030,2.499105
2025-08-23 20:03:00,4602,2.585419
2025-08-23 20:06:00,4877,2.378368
2025-08-23 20:09:00,4901,2.453928
2025-08-23 20:12:00,5006,2.442449
2025-08-23 20:15:00,4013,2.384301
2025-08-23 20:18:00,4689,2.296076
2025-08-23 20:21:00,4258,2.457140
2025-08-23 20:24:00,5234,2.588651
2025-08-23 20:27:00,4242,2.657331
2025-08-23 20:30:00,4595,2.703090
2025-08-23 20:33:00,4186,2.648184
2025-08-23 20:36:00,4341,2.602695
2025-08-23 20:39:00,4208,2.779301
2025-08-23 20:42:00,4210,2.598622
2025-08-23 20:45:00,5520,2.795743
2025-08-23 20:48:00,5351,2.861876
2025-08-23 20:51:00,5983,2.879224
2025-08-23 20:54:00,5402,2.897593
2025-08-23 20:57:00,6169,2.852845
2025-08-23 21:00:00,5392,2.789781
2025-08-23 21:03:00,6455,2.768149
2025-08-23 21:06:00,6073,2.892870
2025-08-23 21:09:00,5432,2.742581
2025-08-23 21:12:00,5885,2.874715
2025-08-23 21:15:00,5537,2.914647
2025-08-23 21:18:00,5390,2.931967
2025-08-23 21:21:00,5271,2.892297
2025-08-23 21:24:00,5098,2.932248
2025-08-23 21:27:00,5082,2.946222
2025-08-23 21:30:00,5293,2.947497
2025-08-23 21:33:00,5242,2.992980
2025-08-23 21:36:00,4921,2.955131
2025-08-23 21:39:00,5126,2.901346
2025-08-23 21:42:00,4499,2.893087
2025-08-23 21:45:00,4588,2.859874
2025-08-23 21:48:00,4498,2.916274
2025-08-23 21:51:00,4473,2.735278
2025-08-23 21:54:00,4632,2.813666
2025-08-23 21:57:00,4478,2.970902
2025-08-23 22:00:00,3711,2.791808
2025-08-23 22:03:00,4563,2.708679
2025-08-23 22:06:00,3774,2.620800
2025-08-23 22:09:00,3881,2.564339
2025-08-23 22:12:00,3996,2.617042
2025-08-23 22:15:00,3798,2.590758
2025-08-23 22:18:00,3886,2.689166
2025-08-23 22:21:00,3946,2.840066
2025-08-23 22:24:00,4135,2.845490
2025-08-23 22:27:00,3766,2.839352
2025-08-23 22:30:00,3818,2.915322
2025-08-23 22:33:00,3893,2.900411
2025-08-23 22:36:00,3725,2.699356
2025-08-23 22:39:00,3757,2.654858
2025-08-23 22:42:00,3675,2.687156
2025-08-23 22:45:00,3812,2.936490
2025-08-23 22:48:00,3848,2.892152
2025-08-23 22:51:00,3899,2.921518
2025-08-23 22:54:00,3747,2.893622
2025-08-23 22:57:00,3829,2.931888
2025-08-23 23:00:00,3858,2.903603
2025-08-23 23:03:00,3511,2.811478
2025-08-23 23:06:00,3441,2.589247
2025-08-23 23:09:00,3998,2.686893
2025-08-23 23:12:00,3584,2.830190
2025-08-23 23:15:00,3763,2.848685
2025-08-23 23:18:00,3697,2.656262
2025-08-23 23:21:00,3878,2.705647
2025-08-23 23:24:00,3580,2.810447
2025-08-23 23:27:00,4164,2.904635
2025-08-23 23:30:00,3634,2.716015
2025-08-23 23:33:00,4016,2.861977
2025-08-23 23:36:00,3721,2.656248
2025-08-23 23:39:00,3458,2.699104
2025-08-23 23:42:00,3453,2.705676
2025-08-23 23:45:00,3630,2.669587
2025-08-23 23:48:00,3431,2.658875
2025-08-23 23:51:00,3472,2.634677
2025-08-23 23:54:00,3187,2.355350
2025-08-23 23:57:00,3426,2.467980
2025-08-24 00:00:00,2834,2.660339
2025-08-24 00:03:00,4028,2.764424
2025-08-24 00:06:00,3531,2.684225
2025-08-24 00:09:00,3349,2.583488
2025-08-24 00:12:00,3728,2.664941
2025-08-24 00:15:00,3263,2.766135
2025-08-24 00:18:00,3262,2.659013
2025-08-24 00:21:00,3032,2.553694
2025-08-24 00:24:00,3906,2.810471
2025-08-24 00:27:00,3621,2.972549
2025-08-24 00:30:00,3551,2.728020
2025-08-24 00:33:00,3804,2.896004
2025-08-24 00:36:00,3670,2.759782
2025-08-24 00:39:00,3682,2.909044
2025-08-24 00:42:00,3482,2.856347
2025-08-24 00:45:00,3911,2.867425
2025-08-24 00:48:00,3319,2.751732
2025-08-24 00:51:00,3672,2.587691
2025-08-24 00:54:00,3437,2.839889
2025-08-24 00:57:00,2891,2.808959
2025-08-24 01:00:00,4450,2.984067
2025-08-24 01:03:00,3771,2.911854
2025-08-24 01:06:00,3446,2.921706
2025-08-24 01:09:00,3212,2.722229
2025-08-24 01:12:00,3755,2.721358
2025-08-24 01:15:00,3681,3.038223
2025-08-24 01:18:00,3790,3.078839
2025-08-24 01:21:00,3990,3.223484
2025-08-24 01:24:00,3444,3.017596
2025-08-24 01:27:00,4038,3.266766
2025-08-24 01:30:00,3685,3.114871
2025-08-24 01:33:00,3939,3.180020
2025-08-24 01:36:00,3813,3.245450
2025-08-24 01:39:00,3751,3.090323
2025-08-24 01:42:00,3931,3.193030
2025-08-24 01:45:00,3581,3.030075
2025-08-24 01:48:00,3658,3.131930
2025-08-24 01:51:00,3736,3.147404
2025-08-24 01:54:00,3899,3.328623
2025-08-24 01:57:00,3974,3.558832
2025-08-24 02:00:00,3879,3.449961
2025-08-24 02:03:00,3673,3.412932
2025-08-24 02:06:00,4301,3.325575
2025-08-24 02:09:00,3870,3.434444
2025-08-24 02:12:00,4092,3.342351
2025-08-24 02:15:00,4380,3.473425
2025-08-24 02:18:00,4107,3.303458
2025-08-24 02:21:00,4006,3.293834
2025-08-24 02:24:00,3823,3.028904
2025-08-24 02:27:00,3524,3.029881
2025-08-24 02:30:00,4050,3.049580
2025-08-24 02:33:00,3709,2.879267
2025-08-24 02:36:00,3798,2.967220
2025-08-24 02:39:00,3775,2.942755
2025-08-24 02:42:00,3268,2.871083
2025-08-24 02:45:00,4007,3.008909
2025-08-24 02:48:00,3525,3.091915
2025-08-24 02:51:00,3591,3.112002
2025-08-24 02:54:00,3672,3.307707
2025-08-24 02:57:00,3999,3.235234
2025-08-24 03:00:00,3746,3.287240
2025-08-24 03:03:00,3516,3.540614
2025-08-24 03:06:00,4476,3.459361
2025-08-24 03:09:00,3795,3.658893
2025-08-24 03:12:00,4158,3.385690
2025-08-24 03:15:00,3930,3.409109
2025-08-24 03:18:00,4150,3.618602
2025-08-24 03:21:00,4229,3.570111
2025-08-24 03:24:00,3790,3.460475
2025-08-24 03:27:00,4147,3.732915
2025-08-24 03:30:00,4366,3.740770
2025-08-24 03:33:00,4414,3.774400
2025-08-24 03:36:00,4189,3.711459
2025-08-24 03:39:00,4216,3.709962
2025-08-24 03:42:00,4363,3.456337
2025-08-24 03:45:00,4126,3.419389
2025-08-24 03:48:00,3963,3.366313
2025-08-24 03:51:00,3921,3.184009
2025-08-24 03:54:00,2248,3.105961
2025-08-24 03:57:00,5263,3.094243
2025-08-24 04:00:00,3870,3.249173
2025-08-24 04:03:00,4036,3.367864
2025-08-24 04:06:00,3951,3.331815
2025-08-24 04:09:00,4099,3.339937
2025-08-24 04:12:00,4146,3.432875
2025-08-24 04:15:00,4236,3.386709
2025-08-24 04:18:00,4115,3.683378
2025-08-24 04:21:00,4467,3.454533
2025-08-24 04:24:00,4143,3.360922
2025-08-24 04:27:00,3887,3.317932
2025-08-24 04:30:00,4161,3.496491
2025-08-24 04:33:00,4331,3.509813
2025-08-24 04:36:00,4123,3.454669
2025-08-24 04:39:00,4009,3.536667
2025-08-24 04:42:00,4399,3.586156
2025-08-24 04:45:00,4673,3.468650
2025-08-24 04:48:00,4457,3.663698
2025-08-24 04:51:00,4042,3.620510
2025-08-24 04:54:00,4496,3.472398
2025-08-24 04:57:00,4264,3.550727
2025-08-24 05:00:00,4117,3.678552
2025-08-24 05:03:00,4747,3.631767
2025-08-24 05:06:00,4456,3.659313
2025-08-24 05:09:00,3996,3.568068
2025-08-24 05:12:00,3995,3.628310
2025-08-24 05:15:00,4644,3.667851
2025-08-24 05:18:00,4088,3.701981
2025-08-24 05:21:00,4777,3.819091
2025-08-24 05:24:00,4627,4.054463
2025-08-24 05:27:00,5310,4.290414
2025-08-24 05:30:00,4782,4.585696
2025-08-24 05:33:00,4929,4.397870
2025-08-24 05:36:00,5151,4.541002
2025-08-24 05:39:00,4892,4.469563
2025-08-24 05:42:00,4828,4.419967
2025-08-24 05:45:00,5003,4.449370
2025-08-24 05:48:00,4756,4.374895
2025-08-24 05:51:00,5401,4.427736
2025-08-24 05:54:00,4855,4.287559
2025-08-24 05:57:00,4879,4.342919
2025-08-24 06:00:00,4157,4.411547
2025-08-24 06:03:00,5407,4.233475
2025-08-24 06:06:00,4618,4.195712
2025-08-24 06:09:00,5200,4.148769
2025-08-24 06:12:00,4821,3.998237
2025-08-24 06:15:00,4983,3.836364
2025-08-24 06:18:00,4712,3.775340
2025-08-24 06:21:00,4533,3.576594
2025-08-24 06:24:00,4609,3.851681
2025-08-24 06:27:00,4409,3.714833
2025-08-24 06:30:00,4413,3.585747
2025-08-24 06:33:00,4326,3.746694
2025-08-24 06:36:00,4724,3.454953
2025-08-24 06:39:00,4272,3.451147
2025-08-24 06:42:00,4278,3.203530
2025-08-24 06:45:00,4286,3.353406
2025-08-24 06:48:00,4069,3.110371
2025-08-24 06:51:00,4355,3.238898
2025-08-24 06:54:00,4147,3.175018
2025-08-24 06:57:00,4122,3.204634
2025-08-24 07:00:00,4052,3.001431
2025-08-24 07:03:00,4202,3.187173
2025-08-24 07:06:00,4326,3.187147
2025-08-24 07:09:00,4169,2.925834
2025-08-24 07:12:00,3815,2.830564
2025-08-24 07:15:00,4580,3.047336
2025-08-24 07:18:00,4288,3.194893
2025-08-24 07:21:00,5094,3.093973
2025-08-24 07:24:00,4392,3.072404
2025-08-24 07:27:00,5196,3.107564
2025-08-24 07:30:00,4692,3.069267
2025-08-24 07:33:00,4654,3.162892
2025-08-24 07:36:00,4740,3.107679
2025-08-24 07:39:00,4775,3.054785
2025-08-24 07:42:00,3115,2.963884
2025-08-24 07:45:00,5548,3.035616
2025-08-24 07:48:00,5054,3.363712
2025-08-24 07:51:00,4536,3.105467
2025-08-24 07:54:00,4684,2.963108
2025-08-24 07:57:00,4702,3.121289
2025-08-24 08:00:00,4862,3.136960
2025-08-24 08:03:00,5099,3.151304
2025-08-24 08:06:00,5408,3.365237
2025-08-24 08:09:00,4869,3.184904
2025-08-24 08:12:00,5443,2.993478
2025-08-24 08:15:00,4947,3.356923
2025-08-24 08:18:00,5200,3.448288
2025-08-24 08:21:00,5630,3.392327
2025-08-24 08:24:00,5176,3.410954
2025-08-24 08:27:00,5560,3.463705
2025-08-24 08:30:00,5070,3.200296
2025-08-24 08:33:00,5646,3.031722
2025-08-24 08:36:00,5394,3.096440
2025-08-24 08:39:00,5609,2.982278
2025-08-24 08:42:00,5305,2.933798
2025-08-24 08:45:00,5393,3.045244
2025-08-24 08:48:00,5878,3.193008
2025-08-24 08:51:00,5368,3.084277
2025-08-24 08:54:00,5407,2.923174
2025-08-24 08:57:00,5782,3.103321
