timestamp,traffic_level_mean
2025-08-20 06:36:00,0.825112
2025-08-20 06:39:00,0.816597
2025-08-20 06:42:00,0.810953
2025-08-20 06:45:00,0.800038
2025-08-20 06:48:00,0.800142
2025-08-20 06:51:00,0.804594
2025-08-20 06:54:00,0.805567
2025-08-20 06:57:00,0.797504
2025-08-20 07:00:00,0.798088
2025-08-20 07:03:00,0.797699
2025-08-20 07:06:00,0.798737
2025-08-20 07:09:00,0.797830
2025-08-20 07:12:00,0.797868
2025-08-20 07:15:00,0.799369
2025-08-20 07:18:00,0.794258
2025-08-20 07:21:00,0.796121
2025-08-20 07:24:00,0.805746
2025-08-20 07:27:00,0.805495
2025-08-20 07:30:00,0.807101
2025-08-20 07:33:00,0.804755
2025-08-20 07:36:00,0.807926
2025-08-20 07:39:00,0.803157
2025-08-20 07:42:00,0.803580
2025-08-20 07:45:00,0.797029
2025-08-20 07:48:00,0.801225
2025-08-20 07:51:00,0.799453
2025-08-20 07:54:00,0.794850
2025-08-20 07:57:00,0.790361
2025-08-20 08:00:00,0.788541
2025-08-20 08:03:00,0.786648
2025-08-20 08:06:00,0.783658
2025-08-20 08:09:00,0.772899
2025-08-20 08:12:00,0.776508
2025-08-20 08:15:00,0.778772
2025-08-20 08:18:00,0.780482
2025-08-20 08:21:00,0.774928
2025-08-20 08:24:00,0.772668
2025-08-20 08:27:00,0.777853
2025-08-20 08:30:00,0.782523
2025-08-20 08:33:00,0.781957
2025-08-20 08:36:00,0.776013
2025-08-20 08:39:00,0.770238
2025-08-20 08:42:00,0.766074
2025-08-20 08:45:00,0.764651
2025-08-20 08:48:00,0.762568
2025-08-20 08:51:00,0.756152
2025-08-20 08:54:00,0.755843
2025-08-20 08:57:00,0.757036
2025-08-20 09:00:00,0.759559
2025-08-20 09:03:00,0.765361
2025-08-20 09:06:00,0.764966
2025-08-20 09:09:00,0.762263
2025-08-20 09:12:00,0.758243
2025-08-20 09:15:00,0.760236
2025-08-20 09:18:00,0.759631
2025-08-20 09:21:00,0.756422
2025-08-20 09:24:00,0.753153
2025-08-20 09:27:00,0.754851
2025-08-20 09:30:00,0.753888
2025-08-20 09:33:00,0.748559
2025-08-20 09:36:00,0.754853
2025-08-20 09:39:00,0.754341
2025-08-20 09:42:00,0.758770
2025-08-20 09:45:00,0.757563
2025-08-20 09:48:00,0.756813
2025-08-20 09:51:00,0.750275
2025-08-20 09:54:00,0.745447
2025-08-20 09:57:00,0.749529
2025-08-20 10:00:00,0.749404
2025-08-20 10:03:00,0.750545
2025-08-20 10:06:00,0.750299
2025-08-20 10:09:00,0.749960
2025-08-20 10:12:00,0.746337
2025-08-20 10:15:00,0.746102
2025-08-20 10:18:00,0.746351
2025-08-20 10:21:00,0.741289
2025-08-20 10:24:00,0.742375
2025-08-20 10:27:00,0.744190
2025-08-20 10:30:00,0.739849
2025-08-20 10:33:00,0.734639
2025-08-20 10:36:00,0.735683
2025-08-20 10:39:00,0.731776
2025-08-20 10:42:00,0.736654
2025-08-20 10:45:00,0.737950
2025-08-20 10:48:00,0.732114
2025-08-20 10:51:00,0.730525
2025-08-20 10:54:00,0.735181
2025-08-20 10:57:00,0.740085
2025-08-20 11:00:00,0.747941
2025-08-20 11:03:00,0.747771
2025-08-20 11:06:00,0.744581
2025-08-20 11:09:00,0.744848
2025-08-20 11:12:00,0.743788
2025-08-20 11:15:00,0.739959
2025-08-20 11:18:00,0.738248
2025-08-20 11:21:00,0.740782
2025-08-20 11:24:00,0.739382
2025-08-20 11:27:00,0.743304
2025-08-20 11:30:00,0.740245
2025-08-20 11:33:00,0.738679
2025-08-20 11:36:00,0.744282
2025-08-20 11:39:00,0.750643
2025-08-20 11:42:00,0.751362
2025-08-20 11:45:00,0.747115
2025-08-20 11:48:00,0.748149
2025-08-20 11:51:00,0.746483
2025-08-20 11:54:00,0.744052
2025-08-20 11:57:00,0.749689
2025-08-20 12:00:00,0.755468
2025-08-20 12:03:00,0.751530
2025-08-20 12:06:00,0.750955
2025-08-20 12:09:00,0.746184
2025-08-20 12:12:00,0.748930
2025-08-20 12:15:00,0.750225
2025-08-20 12:18:00,0.753706
2025-08-20 12:21:00,0.750620
2025-08-20 12:24:00,0.748963
2025-08-20 12:27:00,0.750129
2025-08-20 12:30:00,0.744713
2025-08-20 12:33:00,0.741165
2025-08-20 12:36:00,0.740205
2025-08-20 12:39:00,0.742778
2025-08-20 12:42:00,0.739819
2025-08-20 12:45:00,0.731589
2025-08-20 12:48:00,0.729838
2025-08-20 12:51:00,0.737265
2025-08-20 12:54:00,0.735573
2025-08-20 12:57:00,0.734170
2025-08-20 13:00:00,0.733796
2025-08-20 13:03:00,0.733204
2025-08-20 13:06:00,0.739613
2025-08-20 13:09:00,0.734577
2025-08-20 13:12:00,0.738936
2025-08-20 13:15:00,0.737775
2025-08-20 13:18:00,0.738790
2025-08-20 13:21:00,0.737362
2025-08-20 13:24:00,0.732213
2025-08-20 13:27:00,0.729460
2025-08-20 13:30:00,0.725959
2025-08-20 13:33:00,0.724931
2025-08-20 13:36:00,0.723890
2025-08-20 13:39:00,0.721728
2025-08-20 13:42:00,0.724046
2025-08-20 13:45:00,0.721371
2025-08-20 13:48:00,0.717161
2025-08-20 13:51:00,0.714942
2025-08-20 13:54:00,0.716631
2025-08-20 13:57:00,0.716379
2025-08-20 14:00:00,0.721173
2025-08-20 14:03:00,0.724574
2025-08-20 14:06:00,0.722611
2025-08-20 14:09:00,0.714309
2025-08-20 14:12:00,0.714309
2025-08-20 14:15:00,0.714309
2025-08-20 14:18:00,0.714309
2025-08-20 14:21:00,0.714309
2025-08-20 14:24:00,0.714309
2025-08-20 14:27:00,0.714309
2025-08-20 14:30:00,0.714309
2025-08-20 14:33:00,0.714309
2025-08-20 14:36:00,0.714309
2025-08-20 14:39:00,0.714309
2025-08-20 14:42:00,0.714309
2025-08-20 14:45:00,0.714309
2025-08-20 14:48:00,0.707970
2025-08-20 14:51:00,0.702521
2025-08-20 14:54:00,0.706223
2025-08-20 14:57:00,0.705498
2025-08-20 15:00:00,0.700456
2025-08-20 15:03:00,0.702727
2025-08-20 15:06:00,0.701213
2025-08-20 15:09:00,0.698006
2025-08-20 15:12:00,0.696232
2025-08-20 15:15:00,0.698277
2025-08-20 15:18:00,0.698752
2025-08-20 15:21:00,0.700623
2025-08-20 15:24:00,0.700219
2025-08-20 15:27:00,0.697810
2025-08-20 15:30:00,0.695340
2025-08-20 15:33:00,0.697882
2025-08-20 15:36:00,0.703993
2025-08-20 15:39:00,0.698392
2025-08-20 15:42:00,0.703379
2025-08-20 15:45:00,0.703201
2025-08-20 15:48:00,0.708853
2025-08-20 15:51:00,0.708714
2025-08-20 15:54:00,0.705572
2025-08-20 15:57:00,0.709992
2025-08-20 16:00:00,0.716649
2025-08-20 16:03:00,0.716389
2025-08-20 16:06:00,0.722247
2025-08-20 16:09:00,0.720321
2025-08-20 16:12:00,0.727645
2025-08-20 16:15:00,0.725591
2025-08-20 16:18:00,0.729663
2025-08-20 16:21:00,0.738291
2025-08-20 16:24:00,0.739913
2025-08-20 16:27:00,0.743825
2025-08-20 16:30:00,0.755718
2025-08-20 16:33:00,0.756619
2025-08-20 16:36:00,0.755838
2025-08-20 16:39:00,0.761447
2025-08-20 16:42:00,0.764193
2025-08-20 16:45:00,0.764442
2025-08-20 16:48:00,0.768754
2025-08-20 16:51:00,0.774668
2025-08-20 16:54:00,0.778942
2025-08-20 16:57:00,0.784820
2025-08-20 17:00:00,0.787878
2025-08-20 17:03:00,0.789954
2025-08-20 17:06:00,0.786064
2025-08-20 17:09:00,0.786014
2025-08-20 17:12:00,0.797118
2025-08-20 17:15:00,0.808487
2025-08-20 17:18:00,0.804842
2025-08-20 17:21:00,0.809591
2025-08-20 17:24:00,0.814085
2025-08-20 17:27:00,0.821444
2025-08-20 17:30:00,0.818252
2025-08-20 17:33:00,0.824112
2025-08-20 17:36:00,0.832565
2025-08-20 17:39:00,0.839564
2025-08-20 17:42:00,0.845542
2025-08-20 17:45:00,0.850854
2025-08-20 17:48:00,0.847636
2025-08-20 17:51:00,0.850683
2025-08-20 17:54:00,0.851344
2025-08-20 17:57:00,0.855011
2025-08-20 18:00:00,0.856062
2025-08-20 18:03:00,0.860054
2025-08-20 18:06:00,0.866019
2025-08-20 18:09:00,0.868452
2025-08-20 18:12:00,0.869723
2025-08-20 18:15:00,0.878789
2025-08-20 18:18:00,0.880788
2025-08-20 18:21:00,0.881158
2025-08-20 18:24:00,0.878027
2025-08-20 18:27:00,0.884481
2025-08-20 18:30:00,0.890957
2025-08-20 18:33:00,0.885997
2025-08-20 18:36:00,0.884964
2025-08-20 18:39:00,0.884907
2025-08-20 18:42:00,0.885383
2025-08-20 18:45:00,0.884146
2025-08-20 18:48:00,0.892230
2025-08-20 18:51:00,0.895966
2025-08-20 18:54:00,0.894135
2025-08-20 18:57:00,0.891212
2025-08-20 19:00:00,0.886095
2025-08-20 19:03:00,0.878195
2025-08-20 19:06:00,0.887411
2025-08-20 19:09:00,0.894538
2025-08-20 19:12:00,0.890502
2025-08-20 19:15:00,0.887005
2025-08-20 19:18:00,0.890147
2025-08-20 19:21:00,0.892049
2025-08-20 19:24:00,0.891521
2025-08-20 19:27:00,0.883859
2025-08-20 19:30:00,0.885451
2025-08-20 19:33:00,0.881791
2025-08-20 19:36:00,0.882537
2025-08-20 19:39:00,0.883016
2025-08-20 19:42:00,0.886618
2025-08-20 19:45:00,0.889898
2025-08-20 19:48:00,0.887036
2025-08-20 19:51:00,0.893263
2025-08-20 19:54:00,0.888288
2025-08-20 19:57:00,0.889690
2025-08-20 20:00:00,0.885290
2025-08-20 20:03:00,0.891280
2025-08-20 20:06:00,0.897575
2025-08-20 20:09:00,0.898460
2025-08-20 20:12:00,0.903426
2025-08-20 20:15:00,0.905317
2025-08-20 20:18:00,0.899084
2025-08-20 20:21:00,0.898275
2025-08-20 20:24:00,0.902756
2025-08-20 20:27:00,0.904968
2025-08-20 20:30:00,0.908719
2025-08-20 20:33:00,0.911407
2025-08-20 20:36:00,0.910586
2025-08-20 20:39:00,0.907785
2025-08-20 20:42:00,0.912022
2025-08-20 20:45:00,0.913110
2025-08-20 20:48:00,0.914678
2025-08-20 20:51:00,0.918377
2025-08-20 20:54:00,0.918839
2025-08-20 20:57:00,0.915521
2025-08-20 21:00:00,0.913661
2025-08-20 21:03:00,0.917928
2025-08-20 21:06:00,0.917864
2025-08-20 21:09:00,0.916417
2025-08-20 21:12:00,0.917350
2025-08-20 21:15:00,0.914978
2025-08-20 21:18:00,0.914236
2025-08-20 21:21:00,0.920378
2025-08-20 21:24:00,0.925849
2025-08-20 21:27:00,0.929169
2025-08-20 21:30:00,0.935301
2025-08-20 21:33:00,0.938759
2025-08-20 21:36:00,0.937817
2025-08-20 21:39:00,0.933195
2025-08-20 21:42:00,0.934127
2025-08-20 21:45:00,0.936572
2025-08-20 21:48:00,0.936632
2025-08-20 21:51:00,0.936832
2025-08-20 21:54:00,0.939418
2025-08-20 21:57:00,0.942302
2025-08-20 22:00:00,0.943323
2025-08-20 22:03:00,0.944842
2025-08-20 22:06:00,0.949550
2025-08-20 22:09:00,0.947163
2025-08-20 22:12:00,0.947755
2025-08-20 22:15:00,0.948081
2025-08-20 22:18:00,0.950037
2025-08-20 22:21:00,0.947772
2025-08-20 22:24:00,0.952249
2025-08-20 22:27:00,0.953506
2025-08-20 22:30:00,0.954944
2025-08-20 22:33:00,0.955180
2025-08-20 22:36:00,0.953599
2025-08-20 22:39:00,0.952867
2025-08-20 22:42:00,0.954801
2025-08-20 22:45:00,0.957947
2025-08-20 22:48:00,0.961592
2025-08-20 22:51:00,0.961621
2025-08-20 22:54:00,0.964916
2025-08-20 22:57:00,0.964278
2025-08-20 23:00:00,
2025-08-20 23:03:00,
2025-08-20 23:06:00,
2025-08-20 23:09:00,
2025-08-20 23:12:00,
2025-08-20 23:15:00,
2025-08-20 23:18:00,
2025-08-20 23:21:00,
2025-08-20 23:24:00,
2025-08-20 23:27:00,
2025-08-20 23:30:00,
2025-08-20 23:33:00,
2025-08-20 23:36:00,
2025-08-20 23:39:00,
2025-08-20 23:42:00,
2025-08-20 23:45:00,
2025-08-20 23:48:00,
2025-08-20 23:51:00,
2025-08-20 23:54:00,
2025-08-20 23:57:00,
2025-08-21 00:00:00,
2025-08-21 00:03:00,
2025-08-21 00:06:00,
2025-08-21 00:09:00,
2025-08-21 00:12:00,
2025-08-21 00:15:00,
2025-08-21 00:18:00,
2025-08-21 00:21:00,
2025-08-21 00:24:00,
2025-08-21 00:27:00,
2025-08-21 00:30:00,
2025-08-21 00:33:00,
2025-08-21 00:36:00,
2025-08-21 00:39:00,
2025-08-21 00:42:00,
2025-08-21 00:45:00,
2025-08-21 00:48:00,
2025-08-21 00:51:00,
2025-08-21 00:54:00,
2025-08-21 00:57:00,
2025-08-21 01:00:00,
2025-08-21 01:03:00,
2025-08-21 01:06:00,
2025-08-21 01:09:00,
2025-08-21 01:12:00,
2025-08-21 01:15:00,
2025-08-21 01:18:00,
2025-08-21 01:21:00,
2025-08-21 01:24:00,
2025-08-21 01:27:00,
2025-08-21 01:30:00,
2025-08-21 01:33:00,
2025-08-21 01:36:00,
2025-08-21 01:39:00,
2025-08-21 01:42:00,
2025-08-21 01:45:00,
2025-08-21 01:48:00,
2025-08-21 01:51:00,
2025-08-21 01:54:00,
2025-08-21 01:57:00,
2025-08-21 02:00:00,
2025-08-21 02:03:00,
2025-08-21 02:06:00,
2025-08-21 02:09:00,
2025-08-21 02:12:00,
2025-08-21 02:15:00,
2025-08-21 02:18:00,
2025-08-21 02:21:00,
2025-08-21 02:24:00,
2025-08-21 02:27:00,
2025-08-21 02:30:00,
2025-08-21 02:33:00,
2025-08-21 02:36:00,
2025-08-21 02:39:00,
2025-08-21 02:42:00,
2025-08-21 02:45:00,
2025-08-21 02:48:00,
2025-08-21 02:51:00,
2025-08-21 02:54:00,
2025-08-21 02:57:00,
2025-08-21 03:00:00,
2025-08-21 03:03:00,
2025-08-21 03:06:00,
2025-08-21 03:09:00,
2025-08-21 03:12:00,
2025-08-21 03:15:00,
2025-08-21 03:18:00,
2025-08-21 03:21:00,
2025-08-21 03:24:00,
2025-08-21 03:27:00,
2025-08-21 03:30:00,
2025-08-21 03:33:00,
2025-08-21 03:36:00,
2025-08-21 03:39:00,
2025-08-21 03:42:00,
2025-08-21 03:45:00,
2025-08-21 03:48:00,
2025-08-21 03:51:00,
2025-08-21 03:54:00,
2025-08-21 03:57:00,
2025-08-21 04:00:00,
2025-08-21 04:03:00,
2025-08-21 04:06:00,
2025-08-21 04:09:00,
2025-08-21 04:12:00,
2025-08-21 04:15:00,
2025-08-21 04:18:00,
2025-08-21 04:21:00,
2025-08-21 04:24:00,
2025-08-21 04:27:00,
2025-08-21 04:30:00,
2025-08-21 04:33:00,
2025-08-21 04:36:00,
2025-08-21 04:39:00,
2025-08-21 04:42:00,
2025-08-21 04:45:00,
2025-08-21 04:48:00,
2025-08-21 04:51:00,
2025-08-21 04:54:00,
2025-08-21 04:57:00,
2025-08-21 05:00:00,
2025-08-21 05:03:00,
2025-08-21 05:06:00,
2025-08-21 05:09:00,
2025-08-21 05:12:00,
2025-08-21 05:15:00,
2025-08-21 05:18:00,
2025-08-21 05:21:00,
2025-08-21 05:24:00,
2025-08-21 05:27:00,
2025-08-21 05:30:00,
2025-08-21 05:33:00,
2025-08-21 05:36:00,
2025-08-21 05:39:00,
2025-08-21 05:42:00,
2025-08-21 05:45:00,
2025-08-21 05:48:00,
2025-08-21 05:51:00,
2025-08-21 05:54:00,
2025-08-21 05:57:00,
2025-08-21 06:00:00,0.880659
2025-08-21 06:03:00,0.884080
2025-08-21 06:06:00,0.875153
2025-08-21 06:09:00,0.865929
2025-08-21 06:12:00,0.853724
2025-08-21 06:15:00,0.850513
2025-08-21 06:18:00,0.841183
2025-08-21 06:21:00,0.837352
2025-08-21 06:24:00,0.828077
2025-08-21 06:27:00,0.819364
2025-08-21 06:30:00,0.819634
2025-08-21 06:33:00,0.814482
2025-08-21 06:36:00,0.807759
2025-08-21 06:39:00,0.797346
2025-08-21 06:42:00,0.786766
2025-08-21 06:45:00,0.776300
2025-08-21 06:48:00,0.769609
2025-08-21 06:51:00,0.765512
2025-08-21 06:54:00,0.765687
2025-08-21 06:57:00,0.770954
2025-08-21 07:00:00,0.770388
2025-08-21 07:03:00,0.769067
2025-08-21 07:06:00,0.769736
2025-08-21 07:09:00,0.771198
2025-08-21 07:12:00,0.770672
2025-08-21 07:15:00,0.769485
2025-08-21 07:18:00,0.767476
2025-08-21 07:21:00,0.769244
2025-08-21 07:24:00,0.768376
2025-08-21 07:27:00,0.764375
2025-08-21 07:30:00,0.767959
2025-08-21 07:33:00,0.774416
2025-08-21 07:36:00,0.775641
2025-08-21 07:39:00,0.774552
2025-08-21 07:42:00,0.765631
2025-08-21 07:45:00,0.765703
2025-08-21 07:48:00,0.772982
2025-08-21 07:51:00,0.777408
2025-08-21 07:54:00,0.777128
2025-08-21 07:57:00,0.778612
2025-08-21 08:00:00,0.773048
2025-08-21 08:03:00,0.779452
2025-08-21 08:06:00,0.781615
2025-08-21 08:09:00,0.782227
2025-08-21 08:12:00,0.780667
2025-08-21 08:15:00,0.779885
2025-08-21 08:18:00,0.783452
2025-08-21 08:21:00,0.783725
2025-08-21 08:24:00,0.782607
2025-08-21 08:27:00,0.778756
2025-08-21 08:30:00,0.776993
2025-08-21 08:33:00,0.780123
2025-08-21 08:36:00,0.785935
2025-08-21 08:39:00,0.784648
2025-08-21 08:42:00,0.784667
2025-08-21 08:45:00,0.784781
2025-08-21 08:48:00,0.785796
2025-08-21 08:51:00,0.782988
2025-08-21 08:54:00,0.784727
2025-08-21 08:57:00,0.788818
2025-08-21 09:00:00,0.791344
2025-08-21 09:03:00,0.791317
2025-08-21 09:06:00,0.794935
2025-08-21 09:09:00,0.790350
2025-08-21 09:12:00,0.784478
2025-08-21 09:15:00,0.783291
2025-08-21 09:18:00,0.783773
2025-08-21 09:21:00,0.781376
2025-08-21 09:24:00,0.782220
2025-08-21 09:27:00,0.779636
2025-08-21 09:30:00,0.778321
2025-08-21 09:33:00,0.784043
2025-08-21 09:36:00,0.780998
2025-08-21 09:39:00,0.782829
2025-08-21 09:42:00,0.781002
2025-08-21 09:45:00,0.779032
2025-08-21 09:48:00,0.782600
2025-08-21 09:51:00,0.780747
2025-08-21 09:54:00,0.776189
2025-08-21 09:57:00,0.774121
2025-08-21 10:00:00,0.777605
2025-08-21 10:03:00,0.784043
2025-08-21 10:06:00,0.790090
2025-08-21 10:09:00,0.786981
2025-08-21 10:12:00,0.784112
2025-08-21 10:15:00,0.782037
2025-08-21 10:18:00,0.782038
2025-08-21 10:21:00,0.783571
2025-08-21 10:24:00,0.784968
2025-08-21 10:27:00,0.784896
2025-08-21 10:30:00,0.783029
2025-08-21 10:33:00,0.785067
2025-08-21 10:36:00,0.780909
2025-08-21 10:39:00,0.779280
2025-08-21 10:42:00,0.782226
2025-08-21 10:45:00,0.777423
2025-08-21 10:48:00,0.777608
2025-08-21 10:51:00,0.782220
2025-08-21 10:54:00,0.776202
2025-08-21 10:57:00,0.774833
2025-08-21 11:00:00,0.776435
2025-08-21 11:03:00,0.777366
2025-08-21 11:06:00,0.779339
2025-08-21 11:09:00,0.775204
2025-08-21 11:12:00,0.778046
2025-08-21 11:15:00,0.781157
2025-08-21 11:18:00,0.783503
2025-08-21 11:21:00,0.775614
2025-08-21 11:24:00,0.770032
2025-08-21 11:27:00,0.769298
2025-08-21 11:30:00,0.770152
2025-08-21 11:33:00,0.765974
2025-08-21 11:36:00,0.768912
2025-08-21 11:39:00,0.775553
2025-08-21 11:42:00,0.775256
2025-08-21 11:45:00,0.771651
2025-08-21 11:48:00,0.769657
2025-08-21 11:51:00,0.768799
2025-08-21 11:54:00,0.771572
2025-08-21 11:57:00,0.775728
2025-08-21 12:00:00,0.776442
2025-08-21 12:03:00,0.779439
2025-08-21 12:06:00,0.772162
2025-08-21 12:09:00,0.777168
2025-08-21 12:12:00,0.775915
2025-08-21 12:15:00,0.770253
2025-08-21 12:18:00,0.770597
2025-08-21 12:21:00,0.762404
2025-08-21 12:24:00,0.763486
2025-08-21 12:27:00,0.767565
2025-08-21 12:30:00,0.774186
2025-08-21 12:33:00,0.775311
2025-08-21 12:36:00,0.770772
2025-08-21 12:39:00,0.769039
2025-08-21 12:42:00,0.765240
2025-08-21 12:45:00,0.760084
2025-08-21 12:48:00,0.765035
2025-08-21 12:51:00,0.768885
2025-08-21 12:54:00,0.763736
2025-08-21 12:57:00,0.766488
2025-08-21 13:00:00,0.763320
2025-08-21 13:03:00,0.761795
2025-08-21 13:06:00,0.763219
2025-08-21 13:09:00,0.761842
2025-08-21 13:12:00,0.757143
2025-08-21 13:15:00,0.755431
2025-08-21 13:18:00,0.750220
2025-08-21 13:21:00,0.751762
2025-08-21 13:24:00,0.749322
2025-08-21 13:27:00,0.744532
2025-08-21 13:30:00,0.749362
2025-08-21 13:33:00,0.748238
2025-08-21 13:36:00,0.747401
2025-08-21 13:39:00,0.746365
2025-08-21 13:42:00,0.751974
2025-08-21 13:45:00,0.743510
2025-08-21 13:48:00,0.742963
2025-08-21 13:51:00,0.738695
2025-08-21 13:54:00,0.736862
2025-08-21 13:57:00,0.740648
2025-08-21 14:00:00,0.739344
2025-08-21 14:03:00,0.738757
2025-08-21 14:06:00,0.738426
2025-08-21 14:09:00,0.735878
2025-08-21 14:12:00,0.735878
2025-08-21 14:15:00,0.732113
2025-08-21 14:18:00,0.727136
2025-08-21 14:21:00,0.722945
2025-08-21 14:24:00,0.727224
2025-08-21 14:27:00,0.731002
2025-08-21 14:30:00,0.733072
2025-08-21 14:33:00,0.730698
2025-08-21 14:36:00,0.730563
2025-08-21 14:39:00,0.727977
2025-08-21 14:42:00,0.721964
2025-08-21 14:45:00,0.723216
2025-08-21 14:48:00,0.720914
2025-08-21 14:51:00,0.717864
2025-08-21 14:54:00,0.715882
2025-08-21 14:57:00,0.721812
2025-08-21 15:00:00,0.713398
2025-08-21 15:03:00,0.715324
2025-08-21 15:06:00,0.715040
2025-08-21 15:09:00,0.706779
2025-08-21 15:12:00,0.707025
2025-08-21 15:15:00,0.702216
2025-08-21 15:18:00,0.699356
2025-08-21 15:21:00,0.706582
2025-08-21 15:24:00,0.706154
2025-08-21 15:27:00,0.710209
2025-08-21 15:30:00,0.712718
2025-08-21 15:33:00,0.718819
2025-08-21 15:36:00,0.716336
2025-08-21 15:39:00,0.711911
2025-08-21 15:42:00,0.709565
2025-08-21 15:45:00,0.709661
2025-08-21 15:48:00,0.711971
2025-08-21 15:51:00,0.717466
2025-08-21 15:54:00,0.722153
2025-08-21 15:57:00,0.722800
2025-08-21 16:00:00,0.722155
2025-08-21 16:03:00,0.719734
2025-08-21 16:06:00,0.716561
2025-08-21 16:09:00,0.728189
2025-08-21 16:12:00,0.732292
2025-08-21 16:15:00,0.734231
2025-08-21 16:18:00,0.740295
2025-08-21 16:21:00,0.738678
2025-08-21 16:24:00,0.739664
2025-08-21 16:27:00,0.742378
2025-08-21 16:30:00,0.747821
2025-08-21 16:33:00,0.751012
2025-08-21 16:36:00,0.756656
2025-08-21 16:39:00,0.759461
2025-08-21 16:42:00,0.760354
2025-08-21 16:45:00,0.762158
2025-08-21 16:48:00,0.766709
2025-08-21 16:51:00,0.773872
2025-08-21 16:54:00,0.772847
2025-08-21 16:57:00,0.776472
2025-08-21 17:00:00,0.778318
2025-08-21 17:03:00,0.779515
2025-08-21 17:06:00,0.783736
2025-08-21 17:09:00,0.787188
2025-08-21 17:12:00,0.788903
2025-08-21 17:15:00,0.796015
2025-08-21 17:18:00,0.801089
2025-08-21 17:21:00,0.807096
2025-08-21 17:24:00,0.810523
2025-08-21 17:27:00,0.813988
2025-08-21 17:30:00,0.816995
2025-08-21 17:33:00,0.821041
2025-08-21 17:36:00,0.824319
2025-08-21 17:39:00,0.834457
2025-08-21 17:42:00,0.839667
2025-08-21 17:45:00,0.841764
2025-08-21 17:48:00,0.846928
2025-08-21 17:51:00,0.847299
2025-08-21 17:54:00,0.855738
2025-08-21 17:57:00,0.861566
2025-08-21 18:00:00,0.866921
2025-08-21 18:03:00,0.865522
2025-08-21 18:06:00,0.867111
2025-08-21 18:09:00,0.869508
2025-08-21 18:12:00,0.875228
2025-08-21 18:15:00,0.876229
2025-08-21 18:18:00,0.882470
2025-08-21 18:21:00,0.880806
2025-08-21 18:24:00,0.880091
2025-08-21 18:27:00,0.877746
2025-08-21 18:30:00,0.874690
2025-08-21 18:33:00,0.878965
2025-08-21 18:36:00,0.882528
2025-08-21 18:39:00,0.885825
2025-08-21 18:42:00,0.886081
2025-08-21 18:45:00,0.885965
2025-08-21 18:48:00,0.886189
2025-08-21 18:51:00,0.889205
2025-08-21 18:54:00,0.887610
2025-08-21 18:57:00,0.884824
2025-08-21 19:00:00,0.881428
2025-08-21 19:03:00,0.888938
2025-08-21 19:06:00,0.886748
2025-08-21 19:09:00,0.883331
2025-08-21 19:12:00,0.881958
2025-08-21 19:15:00,0.884771
2025-08-21 19:18:00,0.884532
2025-08-21 19:21:00,0.882762
2025-08-21 19:24:00,0.881771
2025-08-21 19:27:00,0.878388
2025-08-21 19:30:00,0.879860
2025-08-21 19:33:00,0.883165
2025-08-21 19:36:00,0.881849
2025-08-21 19:39:00,0.884224
2025-08-21 19:42:00,0.890314
2025-08-21 19:45:00,0.885895
2025-08-21 19:48:00,0.886377
2025-08-21 19:51:00,0.886800
2025-08-21 19:54:00,0.891248
2025-08-21 19:57:00,0.892684
2025-08-21 20:00:00,0.894297
2025-08-21 20:03:00,0.897715
2025-08-21 20:06:00,0.901066
2025-08-21 20:09:00,0.904235
2025-08-21 20:12:00,0.901567
2025-08-21 20:15:00,0.900832
2025-08-21 20:18:00,0.900093
2025-08-21 20:21:00,0.899550
2025-08-21 20:24:00,0.899592
2025-08-21 20:27:00,0.901118
2025-08-21 20:30:00,0.908989
2025-08-21 20:33:00,0.909668
2025-08-21 20:36:00,0.906838
2025-08-21 20:39:00,0.912416
2025-08-21 20:42:00,0.906607
2025-08-21 20:45:00,0.907132
2025-08-21 20:48:00,0.907800
2025-08-21 20:51:00,0.912766
2025-08-21 20:54:00,0.911284
2025-08-21 20:57:00,0.912010
2025-08-21 21:00:00,0.917974
2025-08-21 21:03:00,0.917399
2025-08-21 21:06:00,0.916745
2025-08-21 21:09:00,0.918004
2025-08-21 21:12:00,0.916439
2025-08-21 21:15:00,0.917946
2025-08-21 21:18:00,0.919497
2025-08-21 21:21:00,0.922173
2025-08-21 21:24:00,0.920444
2025-08-21 21:27:00,0.919542
2025-08-21 21:30:00,0.924585
2025-08-21 21:33:00,0.924011
2025-08-21 21:36:00,0.920176
2025-08-21 21:39:00,0.923753
2025-08-21 21:42:00,0.928014
2025-08-21 21:45:00,0.930867
2025-08-21 21:48:00,0.933373
2025-08-21 21:51:00,0.935826
2025-08-21 21:54:00,0.938821
2025-08-21 21:57:00,0.937515
2025-08-21 22:00:00,0.940921
2025-08-21 22:03:00,0.945482
2025-08-21 22:06:00,0.944988
2025-08-21 22:09:00,0.946818
2025-08-21 22:12:00,0.940861
2025-08-21 22:15:00,0.939074
2025-08-21 22:18:00,0.944522
2025-08-21 22:21:00,0.948011
2025-08-21 22:24:00,0.951139
2025-08-21 22:27:00,0.951879
2025-08-21 22:30:00,0.952972
2025-08-21 22:33:00,0.953624
2025-08-21 22:36:00,0.951032
2025-08-21 22:39:00,0.951018
2025-08-21 22:42:00,0.953256
2025-08-21 22:45:00,0.952552
2025-08-21 22:48:00,0.954445
2025-08-21 22:51:00,0.956799
2025-08-21 22:54:00,0.956631
2025-08-21 22:57:00,0.956041
2025-08-21 23:00:00,
2025-08-21 23:03:00,
2025-08-21 23:06:00,
2025-08-21 23:09:00,
2025-08-21 23:12:00,
2025-08-21 23:15:00,
2025-08-21 23:18:00,
2025-08-21 23:21:00,
2025-08-21 23:24:00,
2025-08-21 23:27:00,
2025-08-21 23:30:00,
2025-08-21 23:33:00,
2025-08-21 23:36:00,
2025-08-21 23:39:00,
2025-08-21 23:42:00,
2025-08-21 23:45:00,
2025-08-21 23:48:00,
2025-08-21 23:51:00,
2025-08-21 23:54:00,
2025-08-21 23:57:00,
2025-08-22 00:00:00,
2025-08-22 00:03:00,
2025-08-22 00:06:00,
2025-08-22 00:09:00,
2025-08-22 00:12:00,
2025-08-22 00:15:00,
2025-08-22 00:18:00,
2025-08-22 00:21:00,
2025-08-22 00:24:00,
2025-08-22 00:27:00,
2025-08-22 00:30:00,
2025-08-22 00:33:00,
2025-08-22 00:36:00,
2025-08-22 00:39:00,
2025-08-22 00:42:00,
2025-08-22 00:45:00,
2025-08-22 00:48:00,
2025-08-22 00:51:00,
2025-08-22 00:54:00,
2025-08-22 00:57:00,
2025-08-22 01:00:00,
2025-08-22 01:03:00,
2025-08-22 01:06:00,
2025-08-22 01:09:00,
2025-08-22 01:12:00,
2025-08-22 01:15:00,
2025-08-22 01:18:00,
2025-08-22 01:21:00,
2025-08-22 01:24:00,
2025-08-22 01:27:00,
2025-08-22 01:30:00,
2025-08-22 01:33:00,
2025-08-22 01:36:00,
2025-08-22 01:39:00,
2025-08-22 01:42:00,
2025-08-22 01:45:00,
2025-08-22 01:48:00,
2025-08-22 01:51:00,
2025-08-22 01:54:00,
2025-08-22 01:57:00,
2025-08-22 02:00:00,
2025-08-22 02:03:00,
2025-08-22 02:06:00,
2025-08-22 02:09:00,
2025-08-22 02:12:00,
2025-08-22 02:15:00,
2025-08-22 02:18:00,
2025-08-22 02:21:00,
2025-08-22 02:24:00,
2025-08-22 02:27:00,
2025-08-22 02:30:00,
2025-08-22 02:33:00,
2025-08-22 02:36:00,
2025-08-22 02:39:00,
2025-08-22 02:42:00,
2025-08-22 02:45:00,
2025-08-22 02:48:00,
2025-08-22 02:51:00,
2025-08-22 02:54:00,
2025-08-22 02:57:00,
2025-08-22 03:00:00,
2025-08-22 03:03:00,
2025-08-22 03:06:00,
2025-08-22 03:09:00,
2025-08-22 03:12:00,
2025-08-22 03:15:00,
2025-08-22 03:18:00,
2025-08-22 03:21:00,
2025-08-22 03:24:00,
2025-08-22 03:27:00,
2025-08-22 03:30:00,
2025-08-22 03:33:00,
2025-08-22 03:36:00,
2025-08-22 03:39:00,
2025-08-22 03:42:00,
2025-08-22 03:45:00,
2025-08-22 03:48:00,
2025-08-22 03:51:00,
2025-08-22 03:54:00,
2025-08-22 03:57:00,
2025-08-22 04:00:00,
2025-08-22 04:03:00,
2025-08-22 04:06:00,
2025-08-22 04:09:00,
2025-08-22 04:12:00,
2025-08-22 04:15:00,
2025-08-22 04:18:00,
2025-08-22 04:21:00,
2025-08-22 04:24:00,
2025-08-22 04:27:00,
2025-08-22 04:30:00,
2025-08-22 04:33:00,
2025-08-22 04:36:00,
2025-08-22 04:39:00,
2025-08-22 04:42:00,
2025-08-22 04:45:00,
2025-08-22 04:48:00,
2025-08-22 04:51:00,
2025-08-22 04:54:00,
2025-08-22 04:57:00,
2025-08-22 05:00:00,
2025-08-22 05:03:00,
2025-08-22 05:06:00,
2025-08-22 05:09:00,
2025-08-22 05:12:00,
2025-08-22 05:15:00,
2025-08-22 05:18:00,
2025-08-22 05:21:00,
2025-08-22 05:24:00,
2025-08-22 05:27:00,
2025-08-22 05:30:00,
2025-08-22 05:33:00,
2025-08-22 05:36:00,
2025-08-22 05:39:00,
2025-08-22 05:42:00,
2025-08-22 05:45:00,
2025-08-22 05:48:00,
2025-08-22 05:51:00,
2025-08-22 05:54:00,
2025-08-22 05:57:00,
2025-08-22 06:00:00,0.903134
2025-08-22 06:03:00,0.900567
2025-08-22 06:06:00,0.905208
2025-08-22 06:09:00,0.900661
2025-08-22 06:12:00,0.898853
2025-08-22 06:15:00,0.896203
2025-08-22 06:18:00,0.894262
2025-08-22 06:21:00,0.888774
2025-08-22 06:24:00,0.884026
2025-08-22 06:27:00,0.885955
2025-08-22 06:30:00,0.883399
2025-08-22 06:33:00,0.877903
2025-08-22 06:36:00,0.871655
2025-08-22 06:39:00,0.867980
2025-08-22 06:42:00,0.861539
2025-08-22 06:45:00,0.855320
2025-08-22 06:48:00,0.849301
2025-08-22 06:51:00,0.846845
2025-08-22 06:54:00,0.843965
2025-08-22 06:57:00,0.845115
2025-08-22 07:00:00,0.845096
2025-08-22 07:03:00,0.838516
2025-08-22 07:06:00,0.834126
2025-08-22 07:09:00,0.832553
2025-08-22 07:12:00,0.837931
2025-08-22 07:15:00,0.838726
2025-08-22 07:18:00,0.837948
2025-08-22 07:21:00,0.833526
2025-08-22 07:24:00,0.840349
2025-08-22 07:27:00,0.837194
2025-08-22 07:30:00,0.839577
2025-08-22 07:33:00,0.838219
2025-08-22 07:36:00,0.839813
2025-08-22 07:39:00,0.837083
2025-08-22 07:42:00,0.830133
2025-08-22 07:45:00,0.828467
2025-08-22 07:48:00,0.827400
2025-08-22 07:51:00,0.823878
2025-08-22 07:54:00,0.817144
2025-08-22 07:57:00,0.819689
2025-08-22 08:00:00,0.817153
2025-08-22 08:03:00,0.817349
2025-08-22 08:06:00,0.816577
2025-08-22 08:09:00,0.820863
2025-08-22 08:12:00,0.824074
2025-08-22 08:15:00,0.820803
2025-08-22 08:18:00,0.815158
2025-08-22 08:21:00,0.816446
2025-08-22 08:24:00,0.812956
2025-08-22 08:27:00,0.811902
2025-08-22 08:30:00,0.804272
2025-08-22 08:33:00,0.809967
2025-08-22 08:36:00,0.807265
2025-08-22 08:39:00,0.801535
2025-08-22 08:42:00,0.799551
2025-08-22 08:45:00,0.797878
2025-08-22 08:48:00,0.795291
2025-08-22 08:51:00,0.788922
2025-08-22 08:54:00,0.789700
2025-08-22 08:57:00,0.789629
2025-08-22 09:00:00,0.789262
2025-08-22 09:03:00,0.793544
2025-08-22 09:06:00,0.790389
2025-08-22 09:09:00,0.792826
2025-08-22 09:12:00,0.786203
2025-08-22 09:15:00,0.778123
2025-08-22 09:18:00,0.779746
2025-08-22 09:21:00,0.784274
2025-08-22 09:24:00,0.785145
2025-08-22 09:27:00,0.778704
2025-08-22 09:30:00,0.781626
2025-08-22 09:33:00,0.778397
2025-08-22 09:36:00,0.774849
2025-08-22 09:39:00,0.774441
2025-08-22 09:42:00,0.780113
2025-08-22 09:45:00,0.783843
2025-08-22 09:48:00,0.776690
2025-08-22 09:51:00,0.775427
2025-08-22 09:54:00,0.769043
2025-08-22 09:57:00,0.768129
2025-08-22 10:00:00,0.768069
2025-08-22 10:03:00,0.769884
2025-08-22 10:06:00,0.769556
2025-08-22 10:09:00,0.771539
2025-08-22 10:12:00,0.770751
2025-08-22 10:15:00,0.766733
2025-08-22 10:18:00,0.766584
2025-08-22 10:21:00,0.765114
2025-08-22 10:24:00,0.759384
2025-08-22 10:27:00,0.760523
2025-08-22 10:30:00,0.760502
2025-08-22 10:33:00,0.752487
2025-08-22 10:36:00,0.752784
2025-08-22 10:39:00,0.752359
2025-08-22 10:42:00,0.753348
2025-08-22 10:45:00,0.756451
2025-08-22 10:48:00,0.757850
2025-08-22 10:51:00,0.761832
2025-08-22 10:54:00,0.764656
2025-08-22 10:57:00,0.762074
2025-08-22 11:00:00,0.762817
2025-08-22 11:03:00,0.763777
2025-08-22 11:06:00,0.769380
2025-08-22 11:09:00,0.769862
2025-08-22 11:12:00,0.764338
2025-08-22 11:15:00,0.763621
2025-08-22 11:18:00,0.761306
2025-08-22 11:21:00,0.758041
2025-08-22 11:24:00,0.759737
2025-08-22 11:27:00,0.756754
2025-08-22 11:30:00,0.765118
2025-08-22 11:33:00,0.767149
2025-08-22 11:36:00,0.766393
2025-08-22 11:39:00,0.762141
2025-08-22 11:42:00,0.763348
2025-08-22 11:45:00,0.761052
2025-08-22 11:48:00,0.752563
2025-08-22 11:51:00,0.750300
2025-08-22 11:54:00,0.750295
2025-08-22 11:57:00,0.752116
2025-08-22 12:00:00,0.750621
2025-08-22 12:03:00,0.747221
2025-08-22 12:06:00,0.750283
2025-08-22 12:09:00,0.750951
2025-08-22 12:12:00,0.758456
2025-08-22 12:15:00,0.755051
2025-08-22 12:18:00,0.750937
2025-08-22 12:21:00,0.753290
2025-08-22 12:24:00,0.753016
2025-08-22 12:27:00,0.750648
2025-08-22 12:30:00,0.750451
2025-08-22 12:33:00,0.749239
2025-08-22 12:36:00,0.744538
2025-08-22 12:39:00,0.743287
2025-08-22 12:42:00,0.745492
2025-08-22 12:45:00,0.743162
2025-08-22 12:48:00,0.738127
2025-08-22 12:51:00,0.735812
2025-08-22 12:54:00,0.735352
2025-08-22 12:57:00,0.743516
2025-08-22 13:00:00,0.745754
2025-08-22 13:03:00,0.739475
2025-08-22 13:06:00,0.739762
2025-08-22 13:09:00,0.738306
2025-08-22 13:12:00,0.736493
2025-08-22 13:15:00,0.730127
2025-08-22 13:18:00,0.728474
2025-08-22 13:21:00,0.725013
2025-08-22 13:24:00,0.725519
2025-08-22 13:27:00,0.728001
2025-08-22 13:30:00,0.727986
2025-08-22 13:33:00,0.733979
2025-08-22 13:36:00,0.733575
2025-08-22 13:39:00,0.731129
2025-08-22 13:42:00,0.729517
2025-08-22 13:45:00,0.732110
2025-08-22 13:48:00,0.728247
2025-08-22 13:51:00,0.728949
2025-08-22 13:54:00,0.723174
2025-08-22 13:57:00,0.724104
2025-08-22 14:00:00,0.719567
2025-08-22 14:03:00,0.719906
2025-08-22 14:06:00,0.722136
2025-08-22 14:09:00,0.725259
2025-08-22 14:12:00,0.725635
2025-08-22 14:15:00,0.718648
2025-08-22 14:18:00,0.717595
2025-08-22 14:21:00,0.715944
2025-08-22 14:24:00,0.717237
2025-08-22 14:27:00,0.718583
2025-08-22 14:30:00,0.720624
2025-08-22 14:33:00,0.719033
2025-08-22 14:36:00,0.723995
2025-08-22 14:39:00,0.724371
2025-08-22 14:42:00,0.721489
2025-08-22 14:45:00,0.723116
2025-08-22 14:48:00,0.730792
2025-08-22 14:51:00,0.731431
2025-08-22 14:54:00,0.728172
2025-08-22 14:57:00,0.730744
2025-08-22 15:00:00,0.727229
2025-08-22 15:03:00,0.728084
2025-08-22 15:06:00,0.734185
2025-08-22 15:09:00,0.737594
2025-08-22 15:12:00,0.730830
2025-08-22 15:15:00,0.725400
2025-08-22 15:18:00,0.723162
2025-08-22 15:21:00,0.728664
2025-08-22 15:24:00,0.728254
2025-08-22 15:27:00,0.726819
2025-08-22 15:30:00,0.724320
2025-08-22 15:33:00,0.723264
2025-08-22 15:36:00,0.725787
2025-08-22 15:39:00,0.727132
2025-08-22 15:42:00,0.729524
2025-08-22 15:45:00,0.733182
2025-08-22 15:48:00,0.739283
2025-08-22 15:51:00,0.745952
2025-08-22 15:54:00,0.744212
2025-08-22 15:57:00,0.743465
2025-08-22 16:00:00,0.741137
2025-08-22 16:03:00,0.738267
2025-08-22 16:06:00,0.740138
2025-08-22 16:09:00,0.744516
2025-08-22 16:12:00,0.754748
2025-08-22 16:15:00,0.757045
2025-08-22 16:18:00,0.755561
2025-08-22 16:21:00,0.757891
2025-08-22 16:24:00,0.760715
2025-08-22 16:27:00,0.765390
2025-08-22 16:30:00,0.762323
2025-08-22 16:33:00,0.762723
2025-08-22 16:36:00,0.769766
2025-08-22 16:39:00,0.776335
2025-08-22 16:42:00,0.774026
2025-08-22 16:45:00,0.780011
2025-08-22 16:48:00,0.788258
2025-08-22 16:51:00,0.792004
2025-08-22 16:54:00,0.793455
2025-08-22 16:57:00,0.793543
2025-08-22 17:00:00,0.797434
2025-08-22 17:03:00,0.798084
2025-08-22 17:06:00,0.799154
2025-08-22 17:09:00,0.799048
2025-08-22 17:12:00,0.799903
2025-08-22 17:15:00,0.802128
2025-08-22 17:18:00,0.810170
2025-08-22 17:21:00,0.808511
2025-08-22 17:24:00,0.811522
2025-08-22 17:27:00,0.814816
2025-08-22 17:30:00,0.817355
2025-08-22 17:33:00,0.821993
2025-08-22 17:36:00,0.828179
2025-08-22 17:39:00,0.832129
2025-08-22 17:42:00,0.835052
2025-08-22 17:45:00,0.847238
2025-08-22 17:48:00,0.852459
2025-08-22 17:51:00,0.856256
2025-08-22 17:54:00,0.854562
2025-08-22 17:57:00,0.864393
2025-08-22 18:00:00,0.866890
2025-08-22 18:03:00,0.866752
2025-08-22 18:06:00,0.868609
2025-08-22 18:09:00,0.866673
2025-08-22 18:12:00,0.865207
2025-08-22 18:15:00,0.866450
2025-08-22 18:18:00,0.877272
2025-08-22 18:21:00,0.874232
2025-08-22 18:24:00,0.862305
2025-08-22 18:27:00,0.862644
2025-08-22 18:30:00,0.866328
2025-08-22 18:33:00,0.872481
2025-08-22 18:36:00,0.879420
2025-08-22 18:39:00,0.874045
2025-08-22 18:42:00,0.876398
2025-08-22 18:45:00,0.875041
2025-08-22 18:48:00,0.875996
2025-08-22 18:51:00,0.878670
2025-08-22 18:54:00,0.878345
2025-08-22 18:57:00,0.880216
2025-08-22 19:00:00,0.877805
2025-08-22 19:03:00,0.881903
2025-08-22 19:06:00,0.878737
2025-08-22 19:09:00,0.872848
2025-08-22 19:12:00,0.876968
2025-08-22 19:15:00,0.880680
2025-08-22 19:18:00,0.883830
2025-08-22 19:21:00,0.884829
2025-08-22 19:24:00,0.885444
2025-08-22 19:27:00,0.881088
2025-08-22 19:30:00,0.882869
2025-08-22 19:33:00,0.890236
2025-08-22 19:36:00,0.885959
2025-08-22 19:39:00,0.890139
2025-08-22 19:42:00,0.891040
2025-08-22 19:45:00,0.885913
2025-08-22 19:48:00,0.890750
2025-08-22 19:51:00,0.888644
2025-08-22 19:54:00,0.889762
2025-08-22 19:57:00,0.894412
2025-08-22 20:00:00,0.892317
2025-08-22 20:03:00,0.890621
2025-08-22 20:06:00,0.887867
2025-08-22 20:09:00,0.888409
2025-08-22 20:12:00,0.890633
2025-08-22 20:15:00,0.895105
2025-08-22 20:18:00,0.896777
2025-08-22 20:21:00,0.894119
2025-08-22 20:24:00,0.893249
2025-08-22 20:27:00,0.890864
2025-08-22 20:30:00,0.890481
2025-08-22 20:33:00,0.894848
2025-08-22 20:36:00,0.896886
2025-08-22 20:39:00,0.902038
2025-08-22 20:42:00,0.902304
2025-08-22 20:45:00,0.905972
2025-08-22 20:48:00,0.913679
2025-08-22 20:51:00,0.907797
2025-08-22 20:54:00,0.902771
2025-08-22 20:57:00,0.902928
2025-08-22 21:00:00,0.899833
2025-08-22 21:03:00,0.894185
2025-08-22 21:06:00,0.895416
2025-08-22 21:09:00,0.894484
2025-08-22 21:12:00,0.891500
2025-08-22 21:15:00,0.889292
2025-08-22 21:18:00,0.893395
2025-08-22 21:21:00,0.892989
2025-08-22 21:24:00,0.891926
2025-08-22 21:27:00,0.895728
2025-08-22 21:30:00,0.896785
2025-08-22 21:33:00,0.898211
2025-08-22 21:36:00,0.904376
2025-08-22 21:39:00,0.905143
2025-08-22 21:42:00,0.902103
2025-08-22 21:45:00,0.902371
2025-08-22 21:48:00,0.899137
2025-08-22 21:51:00,0.900522
2025-08-22 21:54:00,0.903279
2025-08-22 21:57:00,0.904496
2025-08-22 22:00:00,0.908193
2025-08-22 22:03:00,0.911110
2025-08-22 22:06:00,0.912558
2025-08-22 22:09:00,0.914913
2025-08-22 22:12:00,0.916191
2025-08-22 22:15:00,0.913647
2025-08-22 22:18:00,0.915658
2025-08-22 22:21:00,0.913293
2025-08-22 22:24:00,0.916802
2025-08-22 22:27:00,0.924501
2025-08-22 22:30:00,0.924815
2025-08-22 22:33:00,0.929284
2025-08-22 22:36:00,0.934144
2025-08-22 22:39:00,0.936074
2025-08-22 22:42:00,0.934063
2025-08-22 22:45:00,0.935406
2025-08-22 22:48:00,0.934772
2025-08-22 22:51:00,0.937065
2025-08-22 22:54:00,0.938126
2025-08-22 22:57:00,0.939104
2025-08-22 23:00:00,
2025-08-22 23:03:00,
2025-08-22 23:06:00,
2025-08-22 23:09:00,
2025-08-22 23:12:00,
2025-08-22 23:15:00,
2025-08-22 23:18:00,
2025-08-22 23:21:00,
2025-08-22 23:24:00,
2025-08-22 23:27:00,
2025-08-22 23:30:00,
2025-08-22 23:33:00,
2025-08-22 23:36:00,
2025-08-22 23:39:00,
2025-08-22 23:42:00,
2025-08-22 23:45:00,
2025-08-22 23:48:00,
2025-08-22 23:51:00,
2025-08-22 23:54:00,
2025-08-22 23:57:00,
2025-08-23 00:00:00,
2025-08-23 00:03:00,
2025-08-23 00:06:00,
2025-08-23 00:09:00,
2025-08-23 00:12:00,
2025-08-23 00:15:00,
2025-08-23 00:18:00,
2025-08-23 00:21:00,
2025-08-23 00:24:00,
2025-08-23 00:27:00,
2025-08-23 00:30:00,
2025-08-23 00:33:00,
2025-08-23 00:36:00,
2025-08-23 00:39:00,
2025-08-23 00:42:00,
2025-08-23 00:45:00,
2025-08-23 00:48:00,
2025-08-23 00:51:00,
2025-08-23 00:54:00,
2025-08-23 00:57:00,
2025-08-23 01:00:00,
2025-08-23 01:03:00,
2025-08-23 01:06:00,
2025-08-23 01:09:00,
2025-08-23 01:12:00,
2025-08-23 01:15:00,
2025-08-23 01:18:00,
2025-08-23 01:21:00,
2025-08-23 01:24:00,
2025-08-23 01:27:00,
2025-08-23 01:30:00,
2025-08-23 01:33:00,
2025-08-23 01:36:00,
2025-08-23 01:39:00,
2025-08-23 01:42:00,
2025-08-23 01:45:00,
2025-08-23 01:48:00,
2025-08-23 01:51:00,
2025-08-23 01:54:00,
2025-08-23 01:57:00,
2025-08-23 02:00:00,
2025-08-23 02:03:00,
2025-08-23 02:06:00,
2025-08-23 02:09:00,
2025-08-23 02:12:00,
2025-08-23 02:15:00,
2025-08-23 02:18:00,
2025-08-23 02:21:00,
2025-08-23 02:24:00,
2025-08-23 02:27:00,
2025-08-23 02:30:00,
2025-08-23 02:33:00,
2025-08-23 02:36:00,
2025-08-23 02:39:00,
2025-08-23 02:42:00,
2025-08-23 02:45:00,
2025-08-23 02:48:00,
2025-08-23 02:51:00,
2025-08-23 02:54:00,
2025-08-23 02:57:00,
2025-08-23 03:00:00,
2025-08-23 03:03:00,
2025-08-23 03:06:00,
2025-08-23 03:09:00,
2025-08-23 03:12:00,
2025-08-23 03:15:00,
2025-08-23 03:18:00,
2025-08-23 03:21:00,
2025-08-23 03:24:00,
2025-08-23 03:27:00,
2025-08-23 03:30:00,
2025-08-23 03:33:00,
2025-08-23 03:36:00,
2025-08-23 03:39:00,
2025-08-23 03:42:00,
2025-08-23 03:45:00,
2025-08-23 03:48:00,
2025-08-23 03:51:00,
2025-08-23 03:54:00,
2025-08-23 03:57:00,
2025-08-23 04:00:00,
2025-08-23 04:03:00,
2025-08-23 04:06:00,
2025-08-23 04:09:00,
2025-08-23 04:12:00,
2025-08-23 04:15:00,
2025-08-23 04:18:00,
2025-08-23 04:21:00,
2025-08-23 04:24:00,
2025-08-23 04:27:00,
2025-08-23 04:30:00,
2025-08-23 04:33:00,
2025-08-23 04:36:00,
2025-08-23 04:39:00,
2025-08-23 04:42:00,
2025-08-23 04:45:00,
2025-08-23 04:48:00,
2025-08-23 04:51:00,
2025-08-23 04:54:00,
2025-08-23 04:57:00,
2025-08-23 05:00:00,
2025-08-23 05:03:00,
2025-08-23 05:06:00,
2025-08-23 05:09:00,
2025-08-23 05:12:00,
2025-08-23 05:15:00,
2025-08-23 05:18:00,
2025-08-23 05:21:00,
2025-08-23 05:24:00,
2025-08-23 05:27:00,
2025-08-23 05:30:00,
2025-08-23 05:33:00,
2025-08-23 05:36:00,
2025-08-23 05:39:00,
2025-08-23 05:42:00,
2025-08-23 05:45:00,
2025-08-23 05:48:00,
2025-08-23 05:51:00,
2025-08-23 05:54:00,
2025-08-23 05:57:00,
2025-08-23 06:00:00,0.952778
2025-08-23 06:03:00,0.949392
2025-08-23 06:06:00,0.951092
2025-08-23 06:09:00,0.949498
2025-08-23 06:12:00,0.949170
2025-08-23 06:15:00,0.948095
2025-08-23 06:18:00,0.951486
2025-08-23 06:21:00,0.949087
2025-08-23 06:24:00,0.947869
2025-08-23 06:27:00,0.945702
2025-08-23 06:30:00,0.944137
2025-08-23 06:33:00,0.942973
2025-08-23 06:36:00,0.941408
2025-08-23 06:39:00,0.942353
2025-08-23 06:42:00,0.938639
2025-08-23 06:45:00,0.937272
2025-08-23 06:48:00,0.938634
2025-08-23 06:51:00,0.936284
2025-08-23 06:54:00,0.932804
2025-08-23 06:57:00,0.932632
2025-08-23 07:00:00,0.932827
2025-08-23 07:03:00,0.930851
2025-08-23 07:06:00,0.930431
2025-08-23 07:09:00,0.928401
2025-08-23 07:12:00,0.923790
2025-08-23 07:15:00,0.922249
2025-08-23 07:18:00,0.920010
2025-08-23 07:21:00,0.921508
2025-08-23 07:24:00,0.920904
2025-08-23 07:27:00,0.916396
2025-08-23 07:30:00,0.911637
2025-08-23 07:33:00,0.906929
2025-08-23 07:36:00,0.900622
2025-08-23 07:39:00,0.900140
2025-08-23 07:42:00,0.896205
2025-08-23 07:45:00,0.893023
2025-08-23 07:48:00,0.890145
2025-08-23 07:51:00,0.888659
2025-08-23 07:54:00,0.888643
2025-08-23 07:57:00,0.891323
2025-08-23 08:00:00,0.889838
2025-08-23 08:03:00,0.885256
2025-08-23 08:06:00,0.879104
2025-08-23 08:09:00,0.880094
2025-08-23 08:12:00,0.875698
2025-08-23 08:15:00,0.870944
2025-08-23 08:18:00,0.867138
2025-08-23 08:21:00,0.863392
2025-08-23 08:24:00,0.866079
2025-08-23 08:27:00,0.861209
2025-08-23 08:30:00,0.857983
2025-08-23 08:33:00,0.862364
2025-08-23 08:36:00,0.858900
2025-08-23 08:39:00,0.856973
2025-08-23 08:42:00,0.849061
2025-08-23 08:45:00,0.847728
2025-08-23 08:48:00,0.844632
2025-08-23 08:51:00,0.843259
2025-08-23 08:54:00,0.837452
2025-08-23 08:57:00,0.832220
2025-08-23 09:00:00,0.831845
2025-08-23 09:03:00,0.830290
2025-08-23 09:06:00,0.830820
2025-08-23 09:09:00,0.826207
2025-08-23 09:12:00,0.820104
2025-08-23 09:15:00,0.822983
2025-08-23 09:18:00,0.824386
2025-08-23 09:21:00,0.818994
2025-08-23 09:24:00,0.818657
2025-08-23 09:27:00,0.816827
2025-08-23 09:30:00,0.813437
2025-08-23 09:33:00,0.814787
2025-08-23 09:36:00,0.806353
2025-08-23 09:39:00,0.809167
2025-08-23 09:42:00,0.802615
2025-08-23 09:45:00,0.800839
2025-08-23 09:48:00,0.799679
2025-08-23 09:51:00,0.800341
2025-08-23 09:54:00,0.802548
2025-08-23 09:57:00,0.802899
2025-08-23 10:00:00,0.799902
2025-08-23 10:03:00,0.798306
2025-08-23 10:06:00,0.798297
2025-08-23 10:09:00,0.796274
2025-08-23 10:12:00,0.794646
2025-08-23 10:15:00,0.794582
2025-08-23 10:18:00,0.801036
2025-08-23 10:21:00,0.800016
2025-08-23 10:24:00,0.799352
2025-08-23 10:27:00,0.800043
2025-08-23 10:30:00,0.794090
2025-08-23 10:33:00,0.796671
2025-08-23 10:36:00,0.792856
2025-08-23 10:39:00,0.795375
2025-08-23 10:42:00,0.792876
2025-08-23 10:45:00,0.790474
2025-08-23 10:48:00,0.791602
2025-08-23 10:51:00,0.786947
2025-08-23 10:54:00,0.786225
2025-08-23 10:57:00,0.787521
2025-08-23 11:00:00,0.782505
2025-08-23 11:03:00,0.783788
2025-08-23 11:06:00,0.782524
2025-08-23 11:09:00,0.784350
2025-08-23 11:12:00,0.787385
2025-08-23 11:15:00,0.788727
2025-08-23 11:18:00,0.783932
2025-08-23 11:21:00,0.778042
2025-08-23 11:24:00,0.778980
2025-08-23 11:27:00,0.782032
2025-08-23 11:30:00,0.777008
2025-08-23 11:33:00,0.777649
2025-08-23 11:36:00,0.774124
2025-08-23 11:39:00,0.781718
2025-08-23 11:42:00,0.779592
2025-08-23 11:45:00,0.774285
2025-08-23 11:48:00,0.771471
2025-08-23 11:51:00,0.768806
2025-08-23 11:54:00,0.763636
2025-08-23 11:57:00,0.766323
2025-08-23 12:00:00,0.773875
2025-08-23 12:03:00,0.776956
2025-08-23 12:06:00,0.773412
2025-08-23 12:09:00,0.766558
2025-08-23 12:12:00,0.760280
2025-08-23 12:15:00,0.761469
2025-08-23 12:18:00,0.765550
2025-08-23 12:21:00,0.767649
2025-08-23 12:24:00,0.767094
2025-08-23 12:27:00,0.767590
2025-08-23 12:30:00,0.761928
2025-08-23 12:33:00,0.759128
2025-08-23 12:36:00,0.763725
2025-08-23 12:39:00,0.759688
2025-08-23 12:42:00,0.758645
2025-08-23 12:45:00,0.762739
2025-08-23 12:48:00,0.764228
2025-08-23 12:51:00,0.766122
2025-08-23 12:54:00,0.761230
2025-08-23 12:57:00,0.761688
2025-08-23 13:00:00,0.765273
2025-08-23 13:03:00,0.770894
2025-08-23 13:06:00,0.765247
2025-08-23 13:09:00,0.771254
2025-08-23 13:12:00,0.763781
2025-08-23 13:15:00,0.759174
2025-08-23 13:18:00,0.762274
2025-08-23 13:21:00,0.763899
2025-08-23 13:24:00,0.757883
2025-08-23 13:27:00,0.758121
2025-08-23 13:30:00,0.760965
2025-08-23 13:33:00,0.762361
2025-08-23 13:36:00,0.762067
2025-08-23 13:39:00,0.767140
2025-08-23 13:42:00,0.766446
2025-08-23 13:45:00,0.761457
2025-08-23 13:48:00,0.759752
2025-08-23 13:51:00,0.758153
2025-08-23 13:54:00,0.761805
2025-08-23 13:57:00,0.760653
2025-08-23 14:00:00,0.760061
2025-08-23 14:03:00,0.760206
2025-08-23 14:06:00,0.758327
2025-08-23 14:09:00,0.762012
2025-08-23 14:12:00,0.762012
2025-08-23 14:15:00,0.762012
2025-08-23 14:18:00,0.762012
2025-08-23 14:21:00,0.762012
2025-08-23 14:24:00,0.762012
2025-08-23 14:27:00,0.763988
2025-08-23 14:30:00,0.768841
2025-08-23 14:33:00,0.769585
2025-08-23 14:36:00,0.774559
2025-08-23 14:39:00,0.780873
2025-08-23 14:42:00,0.785869
2025-08-23 14:45:00,0.779403
2025-08-23 14:48:00,0.785147
2025-08-23 14:51:00,0.782372
2025-08-23 14:54:00,0.778913
2025-08-23 14:57:00,0.774488
2025-08-23 15:00:00,0.770236
2025-08-23 15:03:00,0.770160
2025-08-23 15:06:00,0.774271
2025-08-23 15:09:00,0.775876
2025-08-23 15:12:00,0.776559
2025-08-23 15:15:00,0.779541
2025-08-23 15:18:00,0.782700
2025-08-23 15:21:00,0.783855
2025-08-23 15:24:00,0.783000
2025-08-23 15:27:00,0.786652
2025-08-23 15:30:00,0.785921
2025-08-23 15:33:00,0.782377
2025-08-23 15:36:00,0.786262
2025-08-23 15:39:00,0.787560
2025-08-23 15:42:00,0.793279
2025-08-23 15:45:00,0.801320
2025-08-23 15:48:00,0.796942
2025-08-23 15:51:00,0.799797
2025-08-23 15:54:00,0.802188
2025-08-23 15:57:00,0.805080
2025-08-23 16:00:00,0.808479
2025-08-23 16:03:00,0.806935
2025-08-23 16:06:00,0.810795
2025-08-23 16:09:00,0.810146
2025-08-23 16:12:00,0.806502
2025-08-23 16:15:00,0.810896
2025-08-23 16:18:00,0.816587
2025-08-23 16:21:00,0.817729
2025-08-23 16:24:00,0.817544
2025-08-23 16:27:00,0.820546
2025-08-23 16:30:00,0.823064
2025-08-23 16:33:00,0.819351
2025-08-23 16:36:00,0.826019
2025-08-23 16:39:00,0.830040
2025-08-23 16:42:00,0.831066
2025-08-23 16:45:00,0.833633
2025-08-23 16:48:00,0.833655
2025-08-23 16:51:00,0.833680
2025-08-23 16:54:00,0.838279
2025-08-23 16:57:00,0.839160
2025-08-23 17:00:00,0.838585
2025-08-23 17:03:00,0.839990
2025-08-23 17:06:00,0.840013
2025-08-23 17:09:00,0.841851
2025-08-23 17:12:00,0.841718
2025-08-23 17:15:00,0.843827
2025-08-23 17:18:00,0.849102
2025-08-23 17:21:00,0.846360
2025-08-23 17:24:00,0.846341
2025-08-23 17:27:00,0.855842
2025-08-23 17:30:00,0.858104
2025-08-23 17:33:00,0.859430
2025-08-23 17:36:00,0.856559
2025-08-23 17:39:00,0.858326
2025-08-23 17:42:00,0.857804
2025-08-23 17:45:00,0.857015
2025-08-23 17:48:00,0.851442
2025-08-23 17:51:00,0.858105
2025-08-23 17:54:00,0.861029
2025-08-23 17:57:00,0.864040
2025-08-23 18:00:00,0.862746
2025-08-23 18:03:00,0.864438
2025-08-23 18:06:00,0.864496
2025-08-23 18:09:00,0.868305
2025-08-23 18:12:00,0.861534
2025-08-23 18:15:00,0.859619
2025-08-23 18:18:00,0.862790
2025-08-23 18:21:00,0.862980
2025-08-23 18:24:00,0.861884
2025-08-23 18:27:00,0.867209
2025-08-23 18:30:00,0.866876
2025-08-23 18:33:00,0.869099
2025-08-23 18:36:00,0.872997
2025-08-23 18:39:00,0.875279
2025-08-23 18:42:00,0.873263
2025-08-23 18:45:00,0.872800
2025-08-23 18:48:00,0.871891
2025-08-23 18:51:00,0.875669
2025-08-23 18:54:00,0.874736
2025-08-23 18:57:00,0.868432
2025-08-23 19:00:00,0.873944
2025-08-23 19:03:00,0.872380
2025-08-23 19:06:00,0.869197
2025-08-23 19:09:00,0.868198
2025-08-23 19:12:00,0.869924
2025-08-23 19:15:00,0.878108
2025-08-23 19:18:00,0.873296
2025-08-23 19:21:00,0.871648
2025-08-23 19:24:00,0.871172
2025-08-23 19:27:00,0.876136
2025-08-23 19:30:00,0.875815
2025-08-23 19:33:00,0.875807
2025-08-23 19:36:00,0.874909
2025-08-23 19:39:00,0.875031
2025-08-23 19:42:00,0.867835
2025-08-23 19:45:00,0.866383
2025-08-23 19:48:00,0.864973
2025-08-23 19:51:00,0.870446
2025-08-23 19:54:00,0.874037
2025-08-23 19:57:00,0.875393
2025-08-23 20:00:00,0.876402
2025-08-23 20:03:00,0.875122
2025-08-23 20:06:00,0.872258
2025-08-23 20:09:00,0.873713
2025-08-23 20:12:00,0.878849
2025-08-23 20:15:00,0.876981
2025-08-23 20:18:00,0.876667
2025-08-23 20:21:00,0.880523
2025-08-23 20:24:00,0.883042
2025-08-23 20:27:00,0.884704
2025-08-23 20:30:00,0.889572
2025-08-23 20:33:00,0.894859
2025-08-23 20:36:00,0.892417
2025-08-23 20:39:00,0.888886
2025-08-23 20:42:00,0.892306
2025-08-23 20:45:00,0.888257
2025-08-23 20:48:00,0.891715
2025-08-23 20:51:00,0.888355
2025-08-23 20:54:00,0.893448
2025-08-23 20:57:00,0.889570
2025-08-23 21:00:00,0.888827
2025-08-23 21:03:00,0.884340
2025-08-23 21:06:00,0.885485
2025-08-23 21:09:00,0.886742
2025-08-23 21:12:00,0.884793
2025-08-23 21:15:00,0.885249
2025-08-23 21:18:00,0.882454
2025-08-23 21:21:00,0.887476
2025-08-23 21:24:00,0.884992
2025-08-23 21:27:00,0.882664
2025-08-23 21:30:00,0.882567
2025-08-23 21:33:00,0.882692
2025-08-23 21:36:00,0.887186
2025-08-23 21:39:00,0.889458
2025-08-23 21:42:00,0.890643
2025-08-23 21:45:00,0.890976
2025-08-23 21:48:00,0.896256
2025-08-23 21:51:00,0.898474
2025-08-23 21:54:00,0.898297
2025-08-23 21:57:00,0.902879
2025-08-23 22:00:00,0.907347
2025-08-23 22:03:00,0.906845
2025-08-23 22:06:00,0.906297
2025-08-23 22:09:00,0.909842
2025-08-23 22:12:00,0.908209
2025-08-23 22:15:00,0.909180
2025-08-23 22:18:00,0.910264
2025-08-23 22:21:00,0.915770
2025-08-23 22:24:00,0.914901
2025-08-23 22:27:00,0.913094
2025-08-23 22:30:00,0.916013
2025-08-23 22:33:00,0.919981
2025-08-23 22:36:00,0.926928
2025-08-23 22:39:00,0.930051
2025-08-23 22:42:00,0.930146
2025-08-23 22:45:00,0.930659
2025-08-23 22:48:00,0.930507
2025-08-23 22:51:00,0.933022
2025-08-23 22:54:00,0.935337
2025-08-23 22:57:00,0.937125
2025-08-23 23:00:00,
2025-08-23 23:03:00,
2025-08-23 23:06:00,
2025-08-23 23:09:00,
2025-08-23 23:12:00,
2025-08-23 23:15:00,
2025-08-23 23:18:00,
2025-08-23 23:21:00,
2025-08-23 23:24:00,
2025-08-23 23:27:00,
2025-08-23 23:30:00,
2025-08-23 23:33:00,
2025-08-23 23:36:00,
2025-08-23 23:39:00,
2025-08-23 23:42:00,
2025-08-23 23:45:00,
2025-08-23 23:48:00,
2025-08-23 23:51:00,
2025-08-23 23:54:00,
2025-08-23 23:57:00,
2025-08-24 00:00:00,
2025-08-24 00:03:00,
2025-08-24 00:06:00,
2025-08-24 00:09:00,
2025-08-24 00:12:00,
2025-08-24 00:15:00,
2025-08-24 00:18:00,
2025-08-24 00:21:00,
2025-08-24 00:24:00,
2025-08-24 00:27:00,
2025-08-24 00:30:00,
2025-08-24 00:33:00,
2025-08-24 00:36:00,
2025-08-24 00:39:00,
2025-08-24 00:42:00,
2025-08-24 00:45:00,
2025-08-24 00:48:00,
2025-08-24 00:51:00,
2025-08-24 00:54:00,
2025-08-24 00:57:00,
2025-08-24 01:00:00,
2025-08-24 01:03:00,
2025-08-24 01:06:00,
2025-08-24 01:09:00,
2025-08-24 01:12:00,
2025-08-24 01:15:00,
2025-08-24 01:18:00,
2025-08-24 01:21:00,
2025-08-24 01:24:00,
2025-08-24 01:27:00,
2025-08-24 01:30:00,
2025-08-24 01:33:00,
2025-08-24 01:36:00,
2025-08-24 01:39:00,
2025-08-24 01:42:00,
2025-08-24 01:45:00,
2025-08-24 01:48:00,
2025-08-24 01:51:00,
2025-08-24 01:54:00,
2025-08-24 01:57:00,
2025-08-24 02:00:00,
2025-08-24 02:03:00,
2025-08-24 02:06:00,
2025-08-24 02:09:00,
2025-08-24 02:12:00,
2025-08-24 02:15:00,
2025-08-24 02:18:00,
2025-08-24 02:21:00,
2025-08-24 02:24:00,
2025-08-24 02:27:00,
2025-08-24 02:30:00,
2025-08-24 02:33:00,
2025-08-24 02:36:00,
2025-08-24 02:39:00,
2025-08-24 02:42:00,
2025-08-24 02:45:00,
2025-08-24 02:48:00,
2025-08-24 02:51:00,
2025-08-24 02:54:00,
2025-08-24 02:57:00,
2025-08-24 03:00:00,
2025-08-24 03:03:00,
2025-08-24 03:06:00,
2025-08-24 03:09:00,
2025-08-24 03:12:00,
2025-08-24 03:15:00,
2025-08-24 03:18:00,
2025-08-24 03:21:00,
2025-08-24 03:24:00,
2025-08-24 03:27:00,
2025-08-24 03:30:00,
2025-08-24 03:33:00,
2025-08-24 03:36:00,
2025-08-24 03:39:00,
2025-08-24 03:42:00,
2025-08-24 03:45:00,
2025-08-24 03:48:00,
2025-08-24 03:51:00,
2025-08-24 03:54:00,
2025-08-24 03:57:00,
2025-08-24 04:00:00,
2025-08-24 04:03:00,
2025-08-24 04:06:00,
2025-08-24 04:09:00,
2025-08-24 04:12:00,
2025-08-24 04:15:00,
2025-08-24 04:18:00,
2025-08-24 04:21:00,
2025-08-24 04:24:00,
2025-08-24 04:27:00,
2025-08-24 04:30:00,
2025-08-24 04:33:00,
2025-08-24 04:36:00,
2025-08-24 04:39:00,
2025-08-24 04:42:00,
2025-08-24 04:45:00,
2025-08-24 04:48:00,
2025-08-24 04:51:00,
2025-08-24 04:54:00,
2025-08-24 04:57:00,
2025-08-24 05:00:00,
2025-08-24 05:03:00,
2025-08-24 05:06:00,
2025-08-24 05:09:00,
2025-08-24 05:12:00,
2025-08-24 05:15:00,
2025-08-24 05:18:00,
2025-08-24 05:21:00,
2025-08-24 05:24:00,
2025-08-24 05:27:00,
2025-08-24 05:30:00,
2025-08-24 05:33:00,
2025-08-24 05:36:00,
2025-08-24 05:39:00,
2025-08-24 05:42:00,
2025-08-24 05:45:00,
2025-08-24 05:48:00,
2025-08-24 05:51:00,
2025-08-24 05:54:00,
2025-08-24 05:57:00,
2025-08-24 06:00:00,0.963515
2025-08-24 06:03:00,0.963520
2025-08-24 06:06:00,0.962716
2025-08-24 06:09:00,0.961652
2025-08-24 06:12:00,0.961652
2025-08-24 06:15:00,0.961652
2025-08-24 06:18:00,0.961652
2025-08-24 06:21:00,0.961652
2025-08-24 06:24:00,0.961652
2025-08-24 06:27:00,0.961057
2025-08-24 06:30:00,0.959781
2025-08-24 06:33:00,0.959124
2025-08-24 06:36:00,0.957454
2025-08-24 06:39:00,0.955094
2025-08-24 06:42:00,0.955971
2025-08-24 06:45:00,0.955433
2025-08-24 06:48:00,0.956963
2025-08-24 06:51:00,0.953579
2025-08-24 06:54:00,0.953871
2025-08-24 06:57:00,0.951898
2025-08-24 07:00:00,0.950533
2025-08-24 07:03:00,0.949469
2025-08-24 07:06:00,0.950645
2025-08-24 07:09:00,0.948637
2025-08-24 07:12:00,0.946295
2025-08-24 07:15:00,0.948451
2025-08-24 07:18:00,0.949330
2025-08-24 07:21:00,0.946167
2025-08-24 07:24:00,0.943707
2025-08-24 07:27:00,0.945390
2025-08-24 07:30:00,0.938788
2025-08-24 07:33:00,0.935641
2025-08-24 07:36:00,0.933769
2025-08-24 07:39:00,0.931512
2025-08-24 07:42:00,0.927828
2025-08-24 07:45:00,0.923671
2025-08-24 07:48:00,0.920265
2025-08-24 07:51:00,0.917925
2025-08-24 07:54:00,0.913094
2025-08-24 07:57:00,0.917053
2025-08-24 08:00:00,0.911997
2025-08-24 08:03:00,0.908772
2025-08-24 08:06:00,0.911567
2025-08-24 08:09:00,0.913610
2025-08-24 08:12:00,0.905687
2025-08-24 08:15:00,0.902423
2025-08-24 08:18:00,0.894829
2025-08-24 08:21:00,0.897248
2025-08-24 08:24:00,0.893696
2025-08-24 08:27:00,0.890734
2025-08-24 08:30:00,0.887626
2025-08-24 08:33:00,0.882994
2025-08-24 08:36:00,0.877620
2025-08-24 08:39:00,0.871856
2025-08-24 08:42:00,0.870621
2025-08-24 08:45:00,0.866472
2025-08-24 08:48:00,0.868317
2025-08-24 08:51:00,0.868468
2025-08-24 08:54:00,0.864750
2025-08-24 08:57:00,0.859168
2025-08-24 09:00:00,0.857343
2025-08-24 09:03:00,0.857024
2025-08-24 09:06:00,0.858504
2025-08-24 09:09:00,0.856329
2025-08-24 09:12:00,0.853431
2025-08-24 09:15:00,0.850067
2025-08-24 09:18:00,0.845810
2025-08-24 09:21:00,0.842537
2025-08-24 09:24:00,0.844637
2025-08-24 09:27:00,0.844770
2025-08-24 09:30:00,0.845759
2025-08-24 09:33:00,0.839923
2025-08-24 09:36:00,0.842580
2025-08-24 09:39:00,0.843851
2025-08-24 09:42:00,0.839198
2025-08-24 09:45:00,0.827708
2025-08-24 09:48:00,0.826920
2025-08-24 09:51:00,0.823183
2025-08-24 09:54:00,0.817880
2025-08-24 09:57:00,0.815257
2025-08-24 10:00:00,0.813792
2025-08-24 10:03:00,0.816052
2025-08-24 10:06:00,0.820195
2025-08-24 10:09:00,0.814308
2025-08-24 10:12:00,0.806967
2025-08-24 10:15:00,0.804698
2025-08-24 10:18:00,0.802094
2025-08-24 10:21:00,0.794709
2025-08-24 10:24:00,0.790809
2025-08-24 10:27:00,0.791704
2025-08-24 10:30:00,0.790188
2025-08-24 10:33:00,0.790243
2025-08-24 10:36:00,0.787663
2025-08-24 10:39:00,0.784672
2025-08-24 10:42:00,0.784048
2025-08-24 10:45:00,0.779041
2025-08-24 10:48:00,0.780229
2025-08-24 10:51:00,0.781673
2025-08-24 10:54:00,0.782206
2025-08-24 10:57:00,0.777657
2025-08-24 11:00:00,0.776405
2025-08-24 11:03:00,0.770888
2025-08-24 11:06:00,0.771712
2025-08-24 11:09:00,0.773399
2025-08-24 11:12:00,0.770487
2025-08-24 11:15:00,0.769461
2025-08-24 11:18:00,0.769011
2025-08-24 11:21:00,0.772256
2025-08-24 11:24:00,0.767801
2025-08-24 11:27:00,0.769857
2025-08-24 11:30:00,0.768168
2025-08-24 11:33:00,0.772150
2025-08-24 11:36:00,0.770966
2025-08-24 11:39:00,0.767732
2025-08-24 11:42:00,0.762389
2025-08-24 11:45:00,0.764217
2025-08-24 11:48:00,0.765651
2025-08-24 11:51:00,0.768031
2025-08-24 11:54:00,0.768113
2025-08-24 11:57:00,0.768838
2025-08-24 12:00:00,0.769751
2025-08-24 12:03:00,0.769685
2025-08-24 12:06:00,0.761232
2025-08-24 12:09:00,0.758991
2025-08-24 12:12:00,0.754540
2025-08-24 12:15:00,0.752410
2025-08-24 12:18:00,0.751291
2025-08-24 12:21:00,0.752933
2025-08-24 12:24:00,0.752461
2025-08-24 12:27:00,0.755052
2025-08-24 12:30:00,0.757937
2025-08-24 12:33:00,0.763742
2025-08-24 12:36:00,0.761598
2025-08-24 12:39:00,0.761197
2025-08-24 12:42:00,0.758871
2025-08-24 12:45:00,0.760605
2025-08-24 12:48:00,0.758623
2025-08-24 12:51:00,0.754750
2025-08-24 12:54:00,0.759456
2025-08-24 12:57:00,0.759157
2025-08-24 13:00:00,0.755137
2025-08-24 13:03:00,0.751754
2025-08-24 13:06:00,0.754083
2025-08-24 13:09:00,0.753831
2025-08-24 13:12:00,0.759955
2025-08-24 13:15:00,0.758291
2025-08-24 13:18:00,0.758646
2025-08-24 13:21:00,0.759745
2025-08-24 13:24:00,0.759386
2025-08-24 13:27:00,0.758230
2025-08-24 13:30:00,0.757129
2025-08-24 13:33:00,0.761688
2025-08-24 13:36:00,0.764523
2025-08-24 13:39:00,0.760976
2025-08-24 13:42:00,0.759363
2025-08-24 13:45:00,0.760782
2025-08-24 13:48:00,0.759940
2025-08-24 13:51:00,0.760574
2025-08-24 13:54:00,0.758351
2025-08-24 13:57:00,0.758182
2025-08-24 14:00:00,0.761435
2025-08-24 14:03:00,0.765840
2025-08-24 14:06:00,0.762755
2025-08-24 14:09:00,0.762921
2025-08-24 14:12:00,0.760377
2025-08-24 14:15:00,0.765167
2025-08-24 14:18:00,0.766852
2025-08-24 14:21:00,0.765723
2025-08-24 14:24:00,0.766404
2025-08-24 14:27:00,0.769684
2025-08-24 14:30:00,0.773238
2025-08-24 14:33:00,0.767346
2025-08-24 14:36:00,0.772394
2025-08-24 14:39:00,0.771961
2025-08-24 14:42:00,0.768633
2025-08-24 14:45:00,0.769422
2025-08-24 14:48:00,0.773720
2025-08-24 14:51:00,0.775167
2025-08-24 14:54:00,0.777431
2025-08-24 14:57:00,0.771654
2025-08-24 15:00:00,0.775253
2025-08-24 15:03:00,0.778248
2025-08-24 15:06:00,0.778709
2025-08-24 15:09:00,0.781239
2025-08-24 15:12:00,0.776776
2025-08-24 15:15:00,0.774231
2025-08-24 15:18:00,0.776561
2025-08-24 15:21:00,0.778171
2025-08-24 15:24:00,0.779059
2025-08-24 15:27:00,0.782922
2025-08-24 15:30:00,0.786206
2025-08-24 15:33:00,0.782361
2025-08-24 15:36:00,0.787769
2025-08-24 15:39:00,0.792116
2025-08-24 15:42:00,0.797394
2025-08-24 15:45:00,0.798655
2025-08-24 15:48:00,0.801044
2025-08-24 15:51:00,0.799799
2025-08-24 15:54:00,0.799524
2025-08-24 15:57:00,0.797345
2025-08-24 16:00:00,0.797088
2025-08-24 16:03:00,0.800641
2025-08-24 16:06:00,0.806206
2025-08-24 16:09:00,0.810402
2025-08-24 16:12:00,0.809721
2025-08-24 16:15:00,0.805780
2025-08-24 16:18:00,0.810938
2025-08-24 16:21:00,0.811599
2025-08-24 16:24:00,0.816156
2025-08-24 16:27:00,0.822403
2025-08-24 16:30:00,0.833121
2025-08-24 16:33:00,0.834031
2025-08-24 16:36:00,0.824183
2025-08-24 16:39:00,0.828072
2025-08-24 16:42:00,0.830828
2025-08-24 16:45:00,0.835329
2025-08-24 16:48:00,0.837608
2025-08-24 16:51:00,0.835173
2025-08-24 16:54:00,0.839292
2025-08-24 16:57:00,0.838307
2025-08-24 17:00:00,0.846021
2025-08-24 17:03:00,0.848445
2025-08-24 17:06:00,0.847401
2025-08-24 17:09:00,0.848724
2025-08-24 17:12:00,0.843987
2025-08-24 17:15:00,0.842224
2025-08-24 17:18:00,0.843922
2025-08-24 17:21:00,0.848778
2025-08-24 17:24:00,0.844343
2025-08-24 17:27:00,0.846122
2025-08-24 17:30:00,0.850884
2025-08-24 17:33:00,0.849435
2025-08-24 17:36:00,0.846878
2025-08-24 17:39:00,0.857389
2025-08-24 17:42:00,0.862803
2025-08-24 17:45:00,0.863443
2025-08-24 17:48:00,0.866731
2025-08-24 17:51:00,0.862000
2025-08-24 17:54:00,0.860222
2025-08-24 17:57:00,0.865492
2025-08-24 18:00:00,0.869587
2025-08-24 18:03:00,0.863208
2025-08-24 18:06:00,0.868036
2025-08-24 18:09:00,0.867144
2025-08-24 18:12:00,0.866815
2025-08-24 18:15:00,0.865828
2025-08-24 18:18:00,0.868398
2025-08-24 18:21:00,0.870358
2025-08-24 18:24:00,0.874225
2025-08-24 18:27:00,0.875321
2025-08-24 18:30:00,0.875829
2025-08-24 18:33:00,0.877639
2025-08-24 18:36:00,0.880784
2025-08-24 18:39:00,0.884536
2025-08-24 18:42:00,0.886335
2025-08-24 18:45:00,0.888599
2025-08-24 18:48:00,0.888983
2025-08-24 18:51:00,0.889355
2025-08-24 18:54:00,0.889308
2025-08-24 18:57:00,0.889818
2025-08-24 19:00:00,0.895401
2025-08-24 19:03:00,0.893723
2025-08-24 19:06:00,0.893586
2025-08-24 19:09:00,0.890129
2025-08-24 19:12:00,0.891135
2025-08-24 19:15:00,0.888733
2025-08-24 19:18:00,0.895216
2025-08-24 19:21:00,0.896562
2025-08-24 19:24:00,0.897089
2025-08-24 19:27:00,0.893992
2025-08-24 19:30:00,0.897413
2025-08-24 19:33:00,0.896814
2025-08-24 19:36:00,0.899498
2025-08-24 19:39:00,0.898330
2025-08-24 19:42:00,0.908214
2025-08-24 19:45:00,0.907954
2025-08-24 19:48:00,0.907165
2025-08-24 19:51:00,0.908928
2025-08-24 19:54:00,0.909402
2025-08-24 19:57:00,0.916900
